Date,Open Price,High Price,Low Price,Close Price,WAP,No.of Shares,No. of Trades,Total Turnover (Rs.),Deliverable Quantity,% Deli. Qty to Traded Qty,Spread High-Low,Spread Close-Open,Unix Date
2021-03-12,336.9,339.68,334.0,335.77,336.8176510067114,29800,131,10037166.0,20200,67.79,5.68,-1.13,1615487400.0
2021-03-10,335.0,336.2,330.0,334.04,333.72957446808516,18800,85,6274116.0,9200,48.94,6.2,-0.96,1615314600.0
2021-03-09,329.99,336.4,329.99,334.61,332.36506849315066,14600,65,4852530.0,9400,64.38,6.41,4.62,1615228200.0
2021-03-08,327.5,331.89,326.97,329.66,329.9915277777778,14400,65,4751878.0,8600,59.72,4.92,2.16,1615141800.0
2021-03-05,326.8,329.23,322.15,325.21,324.76549295774646,14200,64,4611670.0,10400,73.24,7.08,-1.59,1614882600.0
2021-03-04,325.0,330.98,323.0,329.53,325.5812213740458,26200,120,8530228.0,17400,66.41,7.98,4.53,1614796200.0
2021-03-03,328.4,331.0,323.0,326.33,327.6075714285715,28000,132,9173012.0,17800,63.57,8.0,-2.07,1614709800.0
2021-03-02,329.0,335.6,329.0,330.14,331.82539267015704,38200,163,12675730.0,24000,62.83,6.6,1.14,1614623400.0
2021-03-01,322.0,329.59,319.0,328.24,323.95396551724133,34800,145,11273598.0,25000,71.84,10.59,6.24,1614537000.0
2021-02-26,321.0,326.79,318.51,321.41,321.0639100346021,57800,242,18557494.0,44800,77.51,8.28,0.41,1614277800.0
2021-02-25,329.0,330.81,319.5,323.67,323.12955307262564,71600,264,23136076.0,54000,75.42,11.31,-5.33,1614191400.0
2021-02-24,327.0,333.4,325.4,329.96,329.66055555555556,133200,406,43910786.0,115800,86.94,8.0,2.96,1614105000.0
2021-02-23,332.3,332.3,323.32,325.3,328.4870588235294,61200,257,20103408.0,53800,87.91,8.98,-7.0,1614018600.0
2021-02-22,344.0,344.0,330.15,333.34,333.6133424657535,219000,658,73061322.0,205600,93.88,13.85,-10.66,1613932200.0
2021-02-19,345.68,345.79,341.1,344.11,342.7943162393162,46800,190,16042774.0,42200,90.17,4.69,-1.57,1613673000.0
2021-02-18,348.07,348.07,345.85,346.37,346.6491695743196,286600,122,99349652.0,284000,99.09,2.22,-1.7,1613586600.0
2021-02-17,348.26,350.24,347.8,349.19,349.2840594059405,20200,93,7055538.0,15000,74.26,2.44,0.93,1613500200.0
2021-02-16,350.4,351.0,347.5,349.79,349.7363888888889,21600,101,7554306.0,18200,84.26,3.5,-0.61,1613413800.0
2021-02-15,348.83,353.25,345.85,352.62,349.96921875000004,25600,109,8959212.0,18000,70.31,7.4,3.79,1613327400.0
2021-02-12,346.0,351.49,346.0,350.25,350.2122448979592,9800,43,3432080.0,7800,79.59,5.49,4.25,1613068200.0
2021-02-11,347.6,350.88,346.72,347.54,347.69151515151515,6600,31,2294764.0,5400,81.82,4.16,-0.06,1612981800.0
2021-02-10,351.0,352.86,346.0,347.71,348.30352941176466,10200,51,3552696.0,7800,76.47,6.86,-3.29,1612895400.0
2021-02-09,352.05,358.0,349.0,349.67,351.80543478260864,18400,85,6473220.0,12000,65.22,9.0,-2.38,1612809000.0
2021-02-08,364.0,364.0,347.81,350.13,350.8336571428572,35000,150,12279178.0,28800,82.29,16.19,-13.87,1612722600.0
2021-02-05,356.12,358.52,355.56,356.43,357.26096774193553,12400,62,4430036.0,7000,56.45,2.96,0.31,1612463400.0
2021-02-04,356.4,356.64,354.75,355.08,355.27756756756764,7400,31,2629054.0,6400,86.49,1.89,-1.32,1612377000.0
2021-02-03,356.5,360.0,351.3,359.2,357.6236153846154,26000,111,9298214.0,16000,61.54,8.7,2.7,1612290600.0
2021-02-02,352.29,360.0,348.25,356.22,354.48989130434785,18400,91,6522614.0,6000,32.61,11.75,3.93,1612204200.0
2021-02-01,352.0,352.59,348.02,349.54,349.9817948717948,31200,145,10919432.0,20000,64.1,4.57,-2.46,1612117800.0
2021-01-29,354.99,354.99,351.05,351.6,352.16150684931506,14600,73,5141558.0,11400,78.08,3.94,-3.39,1611858600.0
2021-01-28,354.16,354.16,350.0,352.85,351.8291666666666,9600,45,3377560.0,6200,64.58,4.16,-1.31,1611772200.0
2021-01-27,355.79,356.1,354.46,354.83,355.4466019417476,20600,86,7322200.0,14000,67.96,1.64,-0.96,1611685800.0
2021-01-25,356.74,357.03,354.82,355.97,355.93757763975157,32200,81,11461190.0,30200,93.79,2.21,-0.77,1611513000.0
2021-01-22,354.8,356.34,354.0,355.94,355.42949771689496,43800,167,15567812.0,38000,86.76,2.34,1.14,1611253800.0
2021-01-21,357.76,359.85,355.0,357.9,356.5541269841269,25200,87,8985164.0,17000,67.46,4.85,0.14,1611167400.0
2021-01-20,357.8,358.92,355.0,358.02,356.9787234042553,28200,115,10066800.0,20200,71.63,3.92,0.22,1611081000.0
2021-01-19,356.7,360.26,355.4,355.95,356.4716666666666,10800,50,3849894.0,7600,70.37,4.86,-0.75,1610994600.0
2021-01-18,353.0,360.0,353.0,355.33,356.3413194444444,28800,130,10262630.0,16000,55.56,7.0,2.33,1610908200.0
2021-01-15,354.0,361.99,353.57,355.19,356.6778431372549,30600,149,10914342.0,14800,48.37,8.42,1.19,1610649000.0
2021-01-14,352.3,362.89,352.3,356.03,357.37088709677414,24800,120,8862798.0,12400,50.0,10.59,3.73,1610562600.0
2021-01-13,355.02,356.93,352.5,353.81,354.1930476190476,21000,102,7438054.0,13600,64.76,4.43,-1.21,1610476200.0
2021-01-12,350.0,357.79,348.05,355.82,352.5782101167315,51400,228,18122520.0,36200,70.43,9.74,5.82,1610389800.0
2021-01-11,352.51,354.38,349.0,349.99,350.37650205761327,48600,202,17028298.0,35400,72.84,5.38,-2.52,1610303400.0
2021-01-08,353.28,355.3,350.0,352.41,351.2863895486936,168400,125,59156628.0,162400,96.44,5.3,-0.87,1610044200.0
2021-01-07,353.5,355.4,351.5,351.71,353.62517482517484,28600,109,10113680.0,22200,77.62,3.9,-1.79,1609957800.0
2021-01-06,352.0,355.15,350.2,352.02,352.464,41000,175,14451024.0,36600,89.27,4.95,0.02,1609871400.0
2021-01-05,362.0,362.0,353.6,354.08,354.2018993006992,715000,226,253254358.0,410000,57.34,8.4,-7.92,1609785000.0
2021-01-04,351.3,358.0,348.2,356.69,354.46375,20800,104,7372846.0,13800,66.35,9.8,5.39,1609698600.0
2021-01-01,344.71,353.7,340.5,350.57,340.685920201596,2381000,475,811173176.0,2364600,99.31,13.2,5.86,1609439400.0
2020-12-31,347.3,348.88,343.25,344.77,345.0630986475736,502800,333,173497726.0,313200,62.29,5.63,-2.53,1609353000.0
2020-12-30,347.6,348.7,344.75,345.01,345.0632476454293,1805000,415,622839162.0,1787400,99.02,3.95,-2.59,1609266600.0
2020-12-29,346.55,354.5,344.05,346.38,345.4046011021619,2359000,1135,814809454.0,2298400,97.43,10.45,-0.17,1609180200.0
2020-12-28,362.1,362.5,343.82,345.19,345.5979069767442,1771600,691,612261252.0,1726800,97.47,18.68,-16.91,1609093800.0
2020-12-24,355.0,358.1,350.05,353.09,352.47279569892476,37200,146,13111988.0,33400,89.78,8.05,-1.91,1608748200.0
2020-12-23,375.0,375.0,350.1,356.82,355.6325806451613,49600,240,17639376.0,33200,66.94,24.9,-18.18,1608661800.0
2020-12-22,368.51,380.0,365.0,376.91,370.9787878787879,13200,65,4896920.0,7400,56.06,15.0,8.4,1608575400.0
2020-12-21,380.0,393.57,364.35,371.46,374.49672985781996,42200,203,15803762.0,27400,64.93,29.22,-8.54,1608489000.0
2020-12-18,366.8,394.7,362.0,389.67,376.11193939393934,33000,160,12411694.0,19000,57.58,32.7,22.87,1608229800.0
2020-12-17,349.0,365.0,349.0,361.3,359.8904180064308,62200,114,22385184.0,52800,84.89,16.0,12.3,1608143400.0
2020-12-16,355.8,360.0,350.0,356.07,353.1440654205608,42800,192,15114566.0,22400,52.34,10.0,0.27,1608057000.0
2020-12-15,351.7,356.0,348.0,355.45,352.36726027397265,14600,67,5144562.0,7400,50.68,8.0,3.75,1607970600.0
2020-12-14,355.56,356.99,352.01,355.4,352.9873732718894,43400,42,15319652.0,39800,91.7,4.98,-0.16,1607884200.0
2020-12-11,350.0,359.85,344.03,357.28,355.0,24000,107,8520000.0,16600,69.17,15.82,7.28,1607625000.0
2020-12-10,350.19,352.0,350.07,350.75,351.16844444444445,9000,36,3160516.0,7200,80.0,1.93,0.56,1607538600.0
2020-12-09,352.96,352.96,350.0,351.5,351.09574712643683,17400,51,6109066.0,12600,72.41,2.96,-1.46,1607452200.0
2020-12-08,351.81,354.0,350.0,351.34,351.7486585365853,16400,74,5768678.0,9400,57.32,4.0,-0.47,1607365800.0
2020-12-07,350.21,352.6,349.68,351.44,350.57619047619045,29400,115,10306940.0,19400,65.99,2.92,1.23,1607279400.0
2020-12-04,350.24,351.0,342.51,347.28,343.1042448650826,496600,202,170385568.0,455800,91.78,8.49,-2.96,1607020200.0
2020-12-03,339.4,350.3,339.4,349.12,343.35929961089494,51400,224,17648668.0,39400,76.65,10.9,9.72,1606933800.0
2020-12-02,350.2,350.2,333.65,334.04,334.06269963018764,8761200,661,2926790124.0,8505000,97.08,16.55,-16.16,1606847400.0
2020-12-01,352.0,352.0,349.0,349.75,350.3138333333333,12000,59,4203766.0,8400,70.0,3.0,-2.25,1606761000.0
2020-11-27,346.15,350.0,344.81,348.65,347.8908,10000,46,3478908.0,6800,68.0,5.19,2.5,1606415400.0
2020-11-26,346.2,349.25,343.41,348.68,346.7458227848101,15800,73,5478584.0,10600,67.09,5.84,2.48,1606329000.0
2020-11-25,342.25,345.14,341.39,341.74,342.49811764705885,17000,78,5822468.0,11400,67.06,3.75,-0.51,1606242600.0
2020-11-24,337.85,343.5,337.85,342.23,340.48482142857137,11200,54,3813430.0,8200,73.21,5.65,4.38,1606156200.0
2020-11-23,343.46,345.2,330.3,334.91,337.317125,32000,143,10794148.0,15800,49.38,14.9,-8.55,1606069800.0
2020-11-20,339.34,346.0,339.34,344.19,344.2377419354839,6200,31,2134274.0,3800,61.29,6.66,4.85,1605810600.0
2020-11-19,338.0,343.69,335.85,341.98,338.71760563380286,14200,66,4809790.0,9000,63.38,7.84,3.98,1605724200.0
2020-11-18,341.86,341.86,332.0,337.11,336.9435616438356,29200,124,9838752.0,21400,73.29,9.86,-4.75,1605637800.0
2020-11-17,341.8,341.8,336.71,338.16,338.6558108108108,14800,67,5012106.0,10400,70.27,5.09,-3.64,1605551400.0
2020-11-14,334.0,340.05,334.0,338.91,337.75925925925935,5400,25,1823900.0,3600,66.67,6.05,4.91,1605292200.0
2020-11-13,337.69,337.69,331.2,333.63,333.6731395348837,17200,77,5739178.0,13800,80.23,6.49,-4.06,1605205800.0
2020-11-12,339.45,343.58,330.54,332.94,336.94565217391306,27600,127,9299700.0,20600,74.64,13.04,-6.51,1605119400.0
2020-11-11,339.12,341.24,336.8,338.58,339.5962244897959,19600,37,6656086.0,16600,84.69,4.44,-0.54,1605033000.0
2020-11-10,346.1,347.15,337.6,339.5,341.4988764044944,17800,76,6078680.0,11400,64.04,9.55,-6.6,1604946600.0
2020-11-09,350.0,350.0,333.3,340.07,340.0779411764705,40800,179,13875180.0,34200,83.82,16.7,-9.93,1604860200.0
2020-11-06,350.3,351.4,348.0,348.3,349.66468750000007,6400,29,2237854.0,4000,62.5,3.4,-2.0,1604601000.0
2020-11-05,335.4,348.44,335.21,346.73,342.7938961038961,15400,73,5279026.0,8400,54.55,13.23,11.33,1604514600.0
2020-11-04,340.8,350.0,331.0,336.25,337.932087912088,18200,83,6150364.0,13800,75.82,19.0,-4.55,1604428200.0
2020-11-03,342.04,342.04,336.85,338.07,339.9639259259259,27000,112,9179026.0,26000,96.3,5.19,-3.97,1604341800.0
2020-11-02,345.0,345.2,340.53,343.31,342.5800555222089,1332800,51,456590698.0,1329400,99.74,4.67,-1.69,1604255400.0
2020-10-30,350.6,350.6,340.0,343.65,349.3777494061757,336800,44,117670426.0,333200,98.93,10.6,-6.95,1603996200.0
2020-10-29,350.0,353.95,345.79,347.55,349.8812872467223,503400,67,176130240.0,498800,99.09,8.16,-2.45,1603909800.0
2020-10-28,345.0,352.2,345.0,350.0,349.2594117647059,3400,13,1187482.0,2800,82.35,7.2,5.0,1603823400.0
2020-10-27,343.65,344.0,342.2,342.67,343.16217391304343,13800,64,4735638.0,10600,76.81,1.8,-0.98,1603737000.0
2020-10-26,346.12,347.4,342.0,345.6,345.6665,8000,37,2765332.0,6000,75.0,5.4,-0.52,1603650600.0
2020-10-23,348.0,348.39,346.31,347.24,347.2817142857143,7000,30,2430972.0,5600,80.0,2.08,-0.76,1603391400.0
2020-10-22,348.14,348.78,345.1,347.48,346.81947368421055,3800,17,1317914.0,2800,73.68,3.68,-0.66,1603305000.0
2020-10-21,350.0,353.0,347.0,349.89,351.1661702127659,28200,120,9902886.0,24400,86.52,6.0,-0.11,1603218600.0
2020-10-20,349.5,351.85,349.31,350.07,350.1102941176471,6800,32,2380750.0,6400,94.12,2.54,0.57,1603132200.0
2020-10-19,349.25,350.35,348.94,349.37,349.8664,10000,34,3498664.0,8800,88.0,1.41,0.12,1603045800.0
2020-10-16,350.74,350.74,347.0,348.93,349.0516666666666,6000,27,2094310.0,5200,86.67,3.74,-1.81,1602786600.0
2020-10-15,355.75,355.75,346.7,349.31,350.2531764705882,17000,80,5954304.0,13400,78.82,9.05,-6.44,1602700200.0
2020-10-14,357.65,358.0,355.76,355.97,357.4841807909604,35400,36,12654940.0,34000,96.05,2.24,-1.68,1602613800.0
2020-10-13,358.8,359.3,355.5,358.7,356.4478096676737,264800,20,94387380.0,263800,99.62,3.8,-0.1,1602527400.0
2020-10-12,360.0,362.8,352.26,354.82,356.5473484848485,26400,103,9412850.0,21800,82.58,10.54,-5.18,1602441000.0
2020-10-09,362.1,362.1,359.5,360.07,360.10454545454536,8800,32,3168920.0,7000,79.55,2.6,-2.03,1602181800.0
2020-10-08,363.0,363.0,360.8,362.64,362.38219081272075,56600,19,20510832.0,55600,98.23,2.2,-0.36,1602095400.0
2020-10-07,361.5,362.4,360.65,362.4,362.388174904943,52600,5,19061618.0,52400,99.62,1.75,0.9,1602009000.0
2020-10-06,366.8,366.8,360.45,361.23,362.04561643835615,58400,36,21143464.0,55600,95.21,6.35,-5.57,1601922600.0
2020-10-05,367.0,368.25,362.75,367.33,364.28909817351604,350400,34,127646900.0,349200,99.66,5.5,0.33,1601836200.0
2020-10-01,361.15,365.23,361.15,362.68,363.21631578947375,3800,19,1380222.0,2600,68.42,4.08,1.53,1601490600.0
2020-09-30,363.34,365.79,360.78,361.0,361.56393939393934,6600,29,2386322.0,4600,69.7,5.01,-2.34,1601404200.0
2020-09-29,367.0,367.0,361.25,362.3,362.75437500000004,3200,16,1160814.0,2200,68.75,5.75,-4.7,1601317800.0
2020-09-28,364.26,371.2,364.26,366.14,369.13728571428567,14000,67,5167922.0,7400,52.86,6.94,1.88,1601231400.0
2020-09-25,361.55,365.0,361.09,362.0,362.78333333333325,4800,24,1741360.0,3200,66.67,3.91,0.45,1600972200.0
2020-09-24,362.0,364.0,357.34,360.14,361.30972602739723,14600,69,5275122.0,12600,86.3,6.66,-1.86,1600885800.0
2020-09-23,366.5,367.65,363.22,364.99,366.4225,3200,16,1172552.0,1800,56.25,4.43,-1.51,1600799400.0
2020-09-22,364.65,364.65,360.65,362.0,361.68578947368417,7600,35,2748812.0,5800,76.32,4.0,-2.65,1600713000.0
2020-09-21,359.2,368.22,358.0,365.05,364.9243157894737,19000,89,6933562.0,8600,45.26,10.22,5.85,1600626600.0
2020-09-18,370.0,371.99,353.1,357.6,369.8268633540372,193200,110,71450550.0,184600,95.55,18.89,-12.4,1600367400.0
2020-09-17,367.1,369.8,366.51,368.23,367.34739130434787,9200,31,3379596.0,6400,69.57,3.29,1.13,1600281000.0
2020-09-16,363.51,366.5,361.56,365.04,362.9161476319684,3243200,128,1177009650.0,3230200,99.6,4.94,1.53,1600194600.0
2020-09-15,363.3,368.95,362.8,368.27,366.06619047619046,4200,15,1537478.0,3400,80.95,6.15,4.97,1600108200.0
2020-09-14,359.51,370.3,359.51,362.93,362.2683204419891,181000,112,65570566.0,173600,95.91,10.79,3.42,1600021800.0
2020-09-11,360.5,362.55,360.5,362.12,362.1510416666666,9600,39,3476650.0,8400,87.5,2.05,1.62,1599762600.0
2020-09-10,363.6,368.6,359.65,361.19,363.2941463414634,32800,127,11916048.0,27000,82.32,8.95,-2.41,1599676200.0
2020-09-09,354.0,363.0,353.05,362.05,360.125352112676,14200,61,5113780.0,12000,84.51,9.95,8.05,1599589800.0
2020-09-08,364.51,364.51,360.9,362.64,361.9924742268041,19400,67,7022654.0,17000,87.63,3.61,-1.87,1599503400.0
2020-09-07,370.0,370.1,359.78,368.25,365.93978723404257,18800,57,6879668.0,15000,79.79,10.32,-1.75,1599417000.0
2020-09-04,366.5,370.0,365.05,369.38,369.02607594936717,15800,60,5830612.0,11600,73.42,4.95,2.88,1599157800.0
2020-09-03,369.0,370.4,367.0,370.0,369.4039215686274,10200,47,3767920.0,9200,90.2,3.4,1.0,1599071400.0
2020-09-02,368.54,368.6,364.45,364.55,365.166,5000,25,1825830.0,3000,60.0,4.15,-3.99,1598985000.0
2020-09-01,368.0,368.0,361.07,362.49,363.89885714285714,7000,33,2547292.0,4200,60.0,6.93,-5.51,1598898600.0
2020-08-31,368.9,373.2,361.0,362.42,368.1786666666666,12000,59,4418144.0,9400,78.33,12.2,-6.48,1598812200.0
2020-08-28,370.55,370.55,362.0,364.06,366.4201075268817,18600,81,6815414.0,13800,74.19,8.55,-6.49,1598553000.0
2020-08-27,365.99,372.0,365.92,368.77,368.32180851063833,18800,87,6924450.0,11800,62.77,6.08,2.78,1598466600.0
2020-08-26,361.56,364.0,361.5,364.0,362.13500000000005,2000,10,724270.0,1400,70.0,2.5,2.44,1598380200.0
2020-08-25,360.0,360.54,357.75,359.18,359.3807142857143,8400,40,3018798.0,5600,66.67,2.79,-0.82,1598293800.0
2020-08-24,365.0,366.35,358.5,362.13,360.3275362318841,13800,66,4972520.0,8200,59.42,7.85,-2.87,1598207400.0
2020-08-21,365.91,365.94,358.0,364.27,362.5927397260274,14600,65,5293854.0,11800,80.82,7.94,-1.64,1597948200.0
2020-08-20,369.13,369.14,366.09,367.54,368.1658064516128,6200,26,2282628.0,3200,51.61,3.05,-1.59,1597861800.0
2020-08-19,370.15,370.3,367.6,368.34,370.1355861581921,283200,25,104822398.0,281400,99.36,2.7,-1.81,1597775400.0
2020-08-18,370.4,370.65,368.25,370.4,370.148230793752,627400,12,232231000.0,626600,99.87,2.4,0.0,1597689000.0
2020-08-17,370.85,370.85,368.2,369.4,369.646,4000,20,1478584.0,3200,80.0,2.65,-1.45,1597602600.0
2020-08-14,367.83,372.0,365.0,367.5,368.59111111111105,9000,44,3317320.0,7600,84.44,7.0,-0.33,1597343400.0
2020-08-13,379.0,379.0,366.1,367.31,369.8673333333333,9000,44,3328806.0,6000,66.67,12.9,-11.69,1597257000.0
2020-08-12,382.99,382.99,378.5,379.47,379.9268,10000,44,3799268.0,7200,72.0,4.49,-3.52,1597170600.0
2020-08-11,377.99,379.6,376.61,378.12,378.2111363636364,8800,39,3328258.0,5600,63.64,2.99,0.13,1597084200.0
2020-08-10,379.0,379.0,371.0,375.89,376.41361538461535,26000,89,9786754.0,17800,68.46,8.0,-3.11,1596997800.0
2020-08-07,375.6,387.0,369.0,379.17,375.34051948051945,30800,140,11560488.0,15000,48.7,18.0,3.57,1596738600.0
2020-08-06,378.0,384.7,365.0,383.18,379.02003460207607,57800,250,21907358.0,39200,67.82,19.7,5.18,1596652200.0
2020-08-05,362.9,380.89,360.0,377.29,371.2704977375566,44200,202,16410156.0,26000,58.82,20.89,14.39,1596565800.0
2020-08-04,357.1,362.5,356.41,359.97,358.4891111111111,9000,44,3226402.0,6400,71.11,6.09,2.87,1596479400.0
2020-08-03,357.9,362.5,345.1,356.36,355.3173214285714,22400,89,7959108.0,13200,58.93,17.4,-1.54,1596393000.0
2020-07-31,357.0,361.8,355.2,357.48,357.71851063829786,9400,46,3362554.0,5800,61.7,6.6,0.48,1596133800.0
2020-07-30,356.1,363.0,355.09,359.28,358.85379310344825,17400,80,6244056.0,11800,67.82,7.91,3.18,1596047400.0
2020-07-29,360.5,362.25,355.01,358.71,359.08309090909086,22000,105,7899828.0,13400,60.91,7.24,-1.79,1595961000.0
2020-07-28,363.0,363.84,359.9,362.2,361.70550724637684,13800,66,4991536.0,8000,57.97,3.94,-0.8,1595874600.0
2020-07-27,368.8,369.0,357.5,361.66,362.34301513387663,171800,590,62250530.0,151000,87.89,11.5,-7.14,1595788200.0
2020-07-24,364.0,368.05,364.0,367.51,366.4907407407408,16200,72,5937150.0,11400,70.37,4.05,3.51,1595529000.0
2020-07-23,356.51,368.5,356.51,362.58,364.6787272727273,22000,99,8022932.0,12800,58.18,11.99,6.07,1595442600.0
2020-07-22,348.0,363.3,348.0,361.48,356.70309859154935,28400,132,10130368.0,19200,67.61,15.3,13.48,1595356200.0
2020-07-21,341.53,348.5,341.53,347.98,346.39455696202526,15800,68,5473034.0,11600,73.42,6.97,6.45,1595269800.0
2020-07-20,344.0,349.8,339.61,343.72,343.86910447761204,13400,61,4607846.0,8000,59.7,10.19,-0.28,1595183400.0
2020-07-17,343.25,346.78,342.01,344.21,343.479461883408,44600,72,15319184.0,39200,87.89,4.77,0.96,1594924200.0
2020-07-16,338.0,343.99,338.0,340.76,340.57095238095235,16800,80,5721592.0,8600,51.19,5.99,2.76,1594837800.0
2020-07-15,336.69,338.67,334.0,336.05,336.64571428571435,15400,68,5184344.0,10000,64.94,4.67,-0.64,1594751400.0
2020-07-14,332.0,337.2,332.0,335.39,334.72447368421047,7600,35,2543906.0,4200,55.26,5.2,3.39,1594665000.0
2020-07-13,337.79,339.56,336.2,338.04,337.72943661971834,14200,55,4795758.0,10000,70.42,3.36,0.25,1594578600.0
2020-07-10,339.79,340.28,339.79,340.08,339.9689743589744,7800,26,2651758.0,7600,97.44,0.49,0.29,1594319400.0
2020-07-09,337.25,340.69,337.25,340.09,339.8279661016948,11800,55,4009970.0,9000,76.27,3.44,2.84,1594233000.0
2020-07-08,341.3,341.9,336.5,337.91,339.5821428571429,11200,54,3803320.0,7000,62.5,5.4,-3.39,1594146600.0
2020-07-07,345.9,345.9,336.6,340.25,340.4182575757576,26400,115,8987042.0,16800,63.64,9.3,-5.65,1594060200.0
2020-07-06,344.7,344.8,341.25,341.59,342.3005844155843,30800,111,10542858.0,21800,70.78,3.55,-3.11,1593973800.0
2020-07-03,346.0,346.0,342.95,343.49,343.83500000000004,12000,52,4126020.0,9600,80.0,3.05,-2.51,1593714600.0
2020-07-02,347.85,349.98,343.0,343.83,344.43731958762885,19400,87,6682084.0,12000,61.86,6.98,-4.02,1593628200.0
2020-07-01,347.7,347.7,341.53,344.17,343.2982142857143,11200,53,3844940.0,4800,42.86,6.17,-3.53,1593541800.0
2020-06-30,342.06,347.8,341.0,342.81,342.9230303030303,26400,90,9053168.0,17400,65.91,6.8,0.75,1593455400.0
2020-06-29,350.0,350.0,339.0,343.61,342.5334862385321,43600,174,14934460.0,29200,66.97,11.0,-6.39,1593369000.0
2020-06-26,356.0,362.67,345.0,348.86,351.8610981308411,85600,288,30119310.0,45200,52.8,17.67,-7.14,1593109800.0
2020-06-25,356.4,361.2,355.0,356.51,358.5210849056604,42400,186,15201294.0,28600,67.45,6.2,0.11,1593023400.0
2020-06-24,353.7,358.25,341.0,356.27,341.6540135740848,70723000,6052,24162796802.0,67126600,94.91,17.25,2.57,1592937000.0
2020-06-23,372.5,372.5,355.5,364.76,364.1801502145923,186400,448,67883180.0,171200,91.85,17.0,-7.74,1592850600.0
2020-06-22,371.0,382.0,365.15,376.72,372.07771186440675,23600,113,8781034.0,13600,57.63,16.85,5.72,1592764200.0
2020-06-19,397.7,397.7,381.2,385.0,386.52170731707315,8200,37,3169478.0,5800,70.73,16.5,-12.7,1592505000.0
2020-06-18,391.8,396.99,389.03,391.24,393.1353488372093,8600,37,3380964.0,4800,55.81,7.96,-0.56,1592418600.0
2020-06-17,378.0,390.1,378.0,389.79,386.19747663551396,21400,98,8264626.0,17000,79.44,12.1,11.79,1592332200.0
2020-06-16,375.0,376.5,369.5,370.4,372.2105263157896,15200,62,5657600.0,11400,75.0,7.0,-4.6,1592245800.0
2020-06-15,368.7,381.0,368.7,370.33,375.49852941176476,6800,31,2553390.0,3800,55.88,12.3,1.63,1592159400.0
2020-06-12,365.15,369.74,364.5,364.85,367.3427536231884,13800,35,5069330.0,12600,91.3,5.24,-0.3,1591900200.0
2020-06-11,377.6,389.0,363.03,368.55,378.498309859155,14200,68,5374676.0,4000,28.17,25.97,-9.05,1591813800.0
2020-06-10,376.99,386.45,374.0,375.0,380.72499999999997,13200,64,5025570.0,4200,31.82,12.45,-1.99,1591727400.0
2020-06-09,356.3,379.38,356.3,371.94,373.0233146067416,35600,156,13279630.0,23600,66.29,23.08,15.64,1591641000.0
2020-06-08,358.4,364.5,355.0,355.0,358.9394117647059,6800,34,2440788.0,4800,70.59,9.5,-3.4,1591554600.0
2020-06-05,369.84,373.5,355.5,360.58,365.6442528735632,17400,78,6362210.0,8200,47.13,18.0,-9.26,1591295400.0
2020-06-04,362.75,374.8,362.75,369.29,366.9378021978021,18200,85,6678268.0,10200,56.04,12.05,6.54,1591209000.0
2020-06-03,345.5,359.8,345.0,355.67,354.4213157894737,22800,102,8080806.0,6800,29.82,14.8,10.17,1591122600.0
2020-06-02,337.83,362.8,337.83,344.9,351.9034517766497,39400,170,13864996.0,14600,37.06,24.97,7.07,1591036200.0
2020-06-01,336.9,339.99,335.1,338.4,337.166231884058,13800,49,4652894.0,11400,82.61,4.89,1.5,1590949800.0
2020-05-29,334.48,341.79,331.0,332.01,333.05195652173916,9200,43,3064078.0,7200,78.26,10.79,-2.47,1590690600.0
2020-05-28,343.0,343.0,331.1,334.86,336.57,9800,49,3298386.0,7200,73.47,11.9,-8.14,1590604200.0
2020-05-27,340.0,350.0,338.0,346.56,342.4129268292682,8200,37,2807786.0,3800,46.34,12.0,6.56,1590517800.0
2020-05-26,344.36,344.36,337.0,337.88,340.2208,10000,45,3402208.0,6800,68.0,7.36,-6.48,1590431400.0
2020-05-22,332.0,344.36,332.0,340.79,337.38730769230773,10400,45,3508828.0,5800,55.77,12.36,8.79,1590085800.0
2020-05-21,327.0,338.45,327.0,332.33,330.3139552238806,26800,121,8852414.0,19800,73.88,11.45,5.33,1589999400.0
2020-05-20,345.0,347.0,322.56,326.99,332.2889240506329,31600,140,10500330.0,24200,76.58,24.44,-18.01,1589913000.0
2020-05-19,346.5,346.5,342.9,342.98,344.38290322580644,6200,20,2135174.0,5200,83.87,3.6,-3.52,1589826600.0
2020-05-18,347.15,350.6,340.0,340.54,345.75844827586207,11600,56,4010798.0,4800,41.38,10.6,-6.61,1589740200.0
2020-05-15,341.49,353.5,341.49,345.45,348.71448275862065,11600,55,4045088.0,2200,18.97,12.01,3.96,1589481000.0
2020-05-14,350.0,355.0,335.01,343.03,343.67731707317074,24600,83,8454462.0,16800,68.29,19.99,-6.97,1589394600.0
2020-05-13,352.3,353.0,348.0,349.26,350.53381818181816,11000,51,3855872.0,9200,83.64,5.0,-3.04,1589308200.0
2020-05-12,347.0,352.0,347.0,348.72,349.718125,6400,28,2238196.0,3800,59.38,5.0,1.72,1589221800.0
2020-05-11,358.0,360.0,346.75,347.38,355.5986111111111,7200,35,2560310.0,3600,50.0,13.25,-10.62,1589135400.0
2020-05-08,347.0,355.5,346.45,349.0,350.24527777777774,7200,31,2521766.0,5200,72.22,9.05,2.0,1588876200.0
2020-05-07,348.2,348.2,341.03,344.85,343.7235294117647,13600,60,4674640.0,7000,51.47,7.17,-3.35,1588789800.0
2020-05-06,352.12,352.29,345.0,350.28,349.937619047619,8400,41,2939476.0,5000,59.52,7.29,-1.84,1588703400.0
2020-05-05,357.26,357.3,352.0,354.09,355.01276595744673,9400,42,3337120.0,6200,65.96,5.3,-3.17,1588617000.0
2020-05-04,364.55,365.77,350.5,363.87,359.0260570071259,421000,100,151149970.0,9800,2.33,15.27,-0.68,1588530600.0
2020-04-30,373.0,375.0,370.0,372.88,372.68075757575764,13200,56,4919386.0,8000,60.61,5.0,-0.12,1588185000.0
2020-04-29,371.05,376.8,370.0,374.42,371.6363768115942,13800,32,5128582.0,10800,78.26,6.8,3.37,1588098600.0
2020-04-28,362.14,380.0,362.0,374.34,374.57672413793097,11600,44,4345090.0,7800,67.24,18.0,12.2,1588012200.0
2020-04-27,368.0,371.5,351.0,365.7,361.9611392405064,15800,74,5718986.0,7200,45.57,20.5,-2.3,1587925800.0
2020-04-24,375.22,378.0,370.0,370.0,374.7725641025641,7800,26,2923226.0,5200,66.67,8.0,-5.22,1587666600.0
2020-04-23,375.19,375.95,369.0,369.34,373.3670588235294,3400,17,1269448.0,1600,47.06,6.95,-5.85,1587580200.0
2020-04-22,370.0,373.79,365.0,369.8,370.024,6000,27,2220144.0,3600,60.0,8.79,-0.2,1587493800.0
2020-04-21,377.0,380.0,370.0,370.74,374.2180909090908,22000,91,8232798.0,14800,67.27,10.0,-6.26,1587407400.0
2020-04-20,362.1,381.0,362.1,379.84,375.830947368421,19000,72,7140788.0,14600,76.84,18.9,17.74,1587321000.0
2020-04-17,368.8,368.8,361.25,364.33,365.12485714285714,7000,35,2555874.0,4000,57.14,7.55,-4.47,1587061800.0
2020-04-16,367.5,367.9,358.27,360.99,362.79253731343283,13400,66,4861420.0,4000,29.85,9.63,-6.51,1586975400.0
2020-04-15,349.7,385.0,349.0,369.49,369.64774193548396,37200,150,13750896.0,13000,34.95,36.0,19.79,1586889000.0
2020-04-13,350.15,350.15,342.2,345.3,345.7398360655738,12200,53,4218026.0,7600,62.3,7.95,-4.85,1586716200.0
2020-04-09,350.75,357.4,344.0,351.97,350.0225974025974,15400,76,5390348.0,8000,51.95,13.4,1.22,1586370600.0
2020-04-08,337.5,352.3,330.0,347.14,331.2042837653479,293200,132,97109096.0,279200,95.23,22.3,9.64,1586284200.0
2020-04-07,331.0,339.17,326.0,335.43,334.1069090909091,22000,98,7350352.0,16200,73.64,13.17,4.43,1586197800.0
2020-04-03,331.0,331.0,319.0,320.44,321.50659685663663,15690200,379,5044502806.0,15629600,99.61,12.0,-10.56,1585852200.0
2020-04-01,350.2,350.2,330.3,334.98,336.67102564102566,15600,73,5252068.0,12000,76.92,19.9,-15.22,1585679400.0
2020-03-31,368.8,368.8,350.35,351.51,354.39014084507033,14200,71,5032340.0,10600,74.65,18.45,-17.29,1585593000.0
2020-03-30,369.0,369.0,354.0,356.85,356.3412,15000,58,5345118.0,6600,44.0,15.0,-12.15,1585506600.0
2020-03-27,387.98,387.98,361.0,374.9,372.7569,20000,70,7455138.0,12200,61.0,26.98,-13.08,1585247400.0
2020-03-26,341.99,379.0,341.99,372.48,365.76933333333324,15000,66,5486540.0,10000,66.67,37.01,30.49,1585161000.0
2020-03-25,320.0,344.99,320.0,330.15,334.7771621621622,29600,129,9909404.0,23200,78.38,24.99,10.15,1585074600.0
2020-03-24,351.8,351.8,315.0,319.44,323.75857142857143,21000,94,6798930.0,17600,83.81,36.8,-32.36,1584988200.0
2020-03-23,349.95,350.0,301.0,330.77,334.83549450549447,36400,122,12188012.0,25600,70.33,49.0,-19.18,1584901800.0
2020-03-20,384.0,384.0,349.75,362.73,358.628947368421,34200,130,12265110.0,22800,66.67,34.25,-21.27,1584642600.0
2020-03-19,333.01,370.0,305.0,358.56,341.4757192982456,57000,202,19464116.0,32000,56.14,65.0,25.55,1584556200.0
2020-03-18,390.0,395.5,375.15,380.16,385.2335135135135,22200,83,8552184.0,12600,56.76,20.35,-9.84,1584469800.0
2020-03-17,398.0,398.0,380.1,385.23,387.53782945736435,25800,105,9998476.0,11200,43.41,17.9,-12.77,1584383400.0
2020-03-16,410.0,410.0,391.5,398.36,404.82969072164957,388000,76,157073920.0,382000,98.45,18.5,-11.64,1584297000.0
2020-03-13,375.0,450.0,371.0,404.22,393.32009493670887,126400,440,49715660.0,79600,62.97,79.0,29.22,1584037800.0
2020-03-12,450.0,466.9,430.0,434.12,438.478125,16000,77,7015650.0,9600,60.0,36.9,-15.88,1583951400.0
2020-03-11,479.0,480.0,448.25,466.47,465.72545454545457,13200,57,6147576.0,6600,50.0,31.75,-12.53,1583865000.0
2020-03-09,467.5,492.9,438.01,463.1,476.68802016498626,218200,89,104013326.0,208800,95.69,54.89,-4.4,1583692200.0
2020-03-06,470.8,476.0,467.55,467.55,472.8658089668616,102600,15,48516032.0,102000,99.42,8.45,-3.25,1583433000.0
2020-03-05,465.01,518.0,460.0,479.97,479.0733333333332,16200,70,7760988.0,7600,46.91,58.0,14.96,1583346600.0
2020-03-04,466.0,467.0,463.0,465.0,465.53642857142853,5600,27,2607004.0,3800,67.86,4.0,-1.0,1583260200.0
2020-03-03,454.31,468.9,454.3,468.9,463.28392156862753,10200,38,4725496.0,7600,74.51,14.6,14.59,1583173800.0
2020-03-02,440.0,461.75,440.0,457.64,440.83215753424656,175200,36,77233794.0,172600,98.52,21.75,17.64,1583087400.0
2020-02-28,435.01,456.97,435.0,443.34,443.83745454545465,22000,81,9764424.0,15600,70.91,21.97,8.33,1582828200.0
2020-02-27,433.58,439.01,433.58,438.48,438.09756172839514,64800,44,28388722.0,62200,95.99,5.43,4.9,1582741800.0
2020-02-26,439.25,444.6,427.68,440.85,437.21875,3200,16,1399100.0,2000,62.5,16.92,1.6,1582655400.0
2020-02-25,428.3,444.89,428.0,435.01,436.4162081784386,53800,98,23479192.0,46800,86.99,16.89,6.71,1582569000.0
2020-02-24,457.0,457.8,434.1,434.51,439.0157692307692,10400,49,4565764.0,6200,59.62,23.7,-22.49,1582482600.0
2020-02-20,443.5,455.0,443.13,454.04,450.34494117647057,17000,74,7655864.0,10400,61.18,11.87,10.54,1582137000.0
2020-02-19,443.8,450.0,442.0,445.55,445.6170270270271,7400,24,3297566.0,6000,81.08,8.0,1.75,1582050600.0
2020-02-18,442.0,446.0,438.2,439.47,440.8322727272727,4400,21,1939662.0,2200,50.0,7.8,-2.53,1581964200.0
2020-02-17,427.25,448.2,427.25,448.2,440.754,6000,29,2644524.0,3200,53.33,20.95,20.95,1581877800.0
2020-02-14,451.98,452.75,445.02,449.15,449.3530769230768,5200,22,2336636.0,2600,50.0,7.73,-2.83,1581618600.0
2020-02-13,442.0,451.0,442.0,447.98,447.7276991150441,22600,95,10118646.0,16000,70.8,9.0,5.98,1581532200.0
2020-02-12,365.0,438.99,365.0,437.06,433.30499999999995,6800,32,2946474.0,3200,47.06,73.99,72.06,1581445800.0
2020-02-11,427.95,432.5,427.95,430.25,429.7378571428571,2800,14,1203266.0,1800,64.29,4.55,2.3,1581359400.0
2020-02-10,427.0,428.0,422.14,426.98,425.4083333333333,2400,10,1020980.0,2000,83.33,5.86,-0.02,1581273000.0
2020-02-07,427.5,431.0,421.0,427.7,427.763870967742,6200,29,2652136.0,2800,45.16,10.0,0.2,1581013800.0
2020-02-06,414.0,428.6,414.0,427.5,422.7138095238096,4200,21,1775398.0,3400,80.95,14.6,13.5,1580927400.0
2020-02-05,409.99,410.27,407.01,408.3,408.6857142857143,4200,16,1716480.0,2800,66.67,3.26,-1.69,1580841000.0
2020-02-04,408.48,414.5,407.0,410.01,410.3288679245283,10600,50,4349486.0,5400,50.94,7.5,1.53,1580754600.0
2020-02-03,399.0,409.9,399.0,402.23,402.90099999999995,14000,63,5640614.0,9600,68.57,10.9,3.23,1580668200.0
2020-02-01,419.99,420.0,392.0,400.44,405.1485436893203,20600,86,8346060.0,11800,57.28,28.0,-19.55,1580495400.0
2020-01-31,416.6,416.99,413.52,414.75,416.41038251366126,36600,19,15240620.0,35600,97.27,3.47,-1.85,1580409000.0
2020-01-30,412.05,418.98,412.05,415.39,416.3788888888888,1800,9,749482.0,1200,66.67,6.93,3.34,1580322600.0
2020-01-29,419.95,420.95,417.05,419.0,419.9439145907472,112400,7,47201696.0,112000,99.64,3.9,-0.95,1580236200.0
2020-01-28,415.0,422.8,413.8,420.33,418.3761538461537,5200,21,2175556.0,3200,61.54,9.0,5.33,1580149800.0
2020-01-27,423.31,424.0,407.3,414.14,415.6981081081081,7400,34,3076166.0,2600,35.14,16.7,-9.17,1580063400.0
2020-01-24,420.0,423.31,420.0,423.31,422.14,3400,17,1435276.0,3400,100.0,3.31,3.31,1579804200.0
2020-01-23,416.8,420.9,416.8,420.24,419.3936363636364,2200,11,922666.0,1600,72.73,4.1,3.44,1579717800.0
2020-01-22,413.8,418.69,413.6,416.8,415.50416666666666,4800,23,1994420.0,3800,79.17,5.09,3.0,1579631400.0
2020-01-21,408.0,412.9,405.0,409.9,409.67742857142855,7000,31,2867742.0,4800,68.57,7.9,1.9,1579545000.0
2020-01-20,409.99,411.99,407.0,410.14,409.8476923076922,5200,23,2131208.0,3200,61.54,4.99,0.15,1579458600.0
2020-01-17,390.5,413.99,390.5,405.69,401.8651196172249,41800,138,16797962.0,21400,51.2,23.49,15.19,1579199400.0
2020-01-16,392.2,392.2,360.5,386.08,378.37438924605493,342200,263,129479716.0,324200,94.74,31.7,-6.12,1579113000.0
2020-01-15,404.0,404.0,381.0,391.4,391.4611538461537,31200,143,12213588.0,23600,75.64,23.0,-12.6,1579026600.0
2020-01-14,416.0,416.0,396.0,403.66,403.3268666666666,30000,122,12099806.0,21600,72.0,20.0,-12.34,1578940200.0
2020-01-13,422.0,422.0,415.0,417.5,416.6065,4000,20,1666426.0,2600,65.0,7.0,-4.5,1578853800.0
2020-01-10,421.99,421.99,416.05,417.01,418.4492857142857,2800,14,1171658.0,1800,64.29,5.94,-4.98,1578594600.0
2020-01-09,419.0,419.0,419.0,419.0,419.0,200,1,83800.0,200,100.0,0.0,0.0,1578508200.0
2020-01-08,418.5,420.24,418.07,419.03,419.1907142857143,2800,14,1173734.0,1600,57.14,2.17,0.53,1578421800.0
2020-01-07,420.03,423.8,420.0,420.61,421.53727272727275,2200,11,927382.0,1600,72.73,3.8,0.58,1578335400.0
2020-01-06,423.0,424.89,420.0,420.3,422.93412591451676,1038800,46,439343970.0,1035800,99.71,4.89,-2.7,1578249000.0
2020-01-03,423.75,423.96,422.21,422.21,423.176,1000,5,423176.0,600,60.0,1.75,-1.54,1577989800.0
2020-01-02,424.79,424.79,420.1,422.57,422.1695238095238,4200,18,1773112.0,3800,90.48,4.69,-2.22,1577903400.0
2020-01-01,434.0,434.0,424.0,425.53,427.75900000000007,2000,10,855518.0,1200,60.0,10.0,-8.47,1577817000.0
2019-12-31,422.29,427.9,420.0,425.14,423.11148148148146,5400,24,2284802.0,3200,59.26,7.9,2.85,1577730600.0
2019-12-30,422.3,423.75,417.5,418.53,420.9614705882353,6800,29,2862538.0,6000,88.24,6.25,-3.77,1577644200.0
2019-12-27,423.0,425.3,422.3,424.8,424.41189189189186,7400,28,3140648.0,5400,72.97,3.0,1.8,1577385000.0
2019-12-26,433.0,433.0,420.34,421.73,423.8972222222222,3600,18,1526030.0,2400,66.67,12.66,-11.27,1577298600.0
2019-12-24,427.0,427.0,420.0,420.33,421.3691304347827,4600,23,1938298.0,2000,43.48,7.0,-6.67,1577125800.0
2019-12-23,421.45,429.49,419.55,424.63,422.4034,10000,44,4224034.0,8400,84.0,9.94,3.18,1577039400.0
2019-12-20,425.05,428.0,417.25,422.03,424.9325035360679,141400,128,60085456.0,126200,89.25,10.75,-3.02,1576780200.0
2019-12-19,422.0,425.89,421.05,421.95,422.91363636363644,4400,21,1860820.0,3800,86.36,4.84,-0.05,1576693800.0
2019-12-18,424.8,425.85,422.15,425.85,424.9969463548831,145400,11,61794556.0,144800,99.59,3.7,1.05,1576607400.0
2019-12-17,422.25,425.75,421.0,424.24,423.8044,5000,22,2119022.0,3000,60.0,4.75,1.99,1576521000.0
2019-12-16,428.0,428.0,418.01,425.38,423.21742976066594,384400,46,162684780.0,380400,98.96,9.99,-2.62,1576434600.0
2019-12-13,425.0,430.0,425.0,430.0,427.76,1000,5,427760.0,600,60.0,5.0,5.0,1576175400.0
2019-12-12,425.0,425.0,423.5,423.5,424.25,400,2,169700.0,400,100.0,1.5,-1.5,1576089000.0
2019-12-11,434.0,434.0,420.5,424.8,426.87947368421055,3800,18,1622142.0,1800,47.37,13.5,-9.2,1576002600.0
2019-12-10,420.98,425.95,420.0,424.9,422.61555555555555,3600,18,1521416.0,2200,61.11,5.95,3.92,1575916200.0
2019-12-09,428.8,428.8,420.1,425.14,423.00518987341763,15800,66,6683482.0,5600,35.44,8.7,-3.66,1575829800.0
2019-12-06,421.0,425.78,412.11,423.58,418.361724137931,11600,50,4852996.0,5200,44.83,13.67,2.58,1575570600.0
2019-12-05,423.84,425.0,420.0,420.67,422.27727272727276,4400,21,1858020.0,2600,59.09,5.0,-3.17,1575484200.0
2019-12-04,431.7,431.8,424.5,425.79,427.0652173913043,4600,20,1964500.0,3000,65.22,7.3,-5.91,1575397800.0
2019-12-03,443.5,443.5,425.15,431.28,433.9517142857143,7000,35,3037662.0,3200,45.71,18.35,-12.22,1575311400.0
2019-12-02,445.3,451.85,439.0,441.14,446.6401851851852,10800,36,4823714.0,8800,81.48,12.85,-4.16,1575225000.0
2019-11-29,447.0,451.0,445.0,445.3,448.20277777777784,3600,14,1613530.0,2200,61.11,6.0,-1.7,1574965800.0
2019-11-28,439.65,444.9,435.99,444.78,442.0297619047619,8400,37,3713050.0,5000,59.52,8.91,5.13,1574879400.0
2019-11-27,445.5,451.49,437.0,439.55,440.9474358974359,7800,39,3439390.0,3800,48.72,14.49,-5.95,1574793000.0
2019-11-26,447.0,462.0,439.3,446.25,448.4172340425532,9400,42,4215122.0,2800,29.79,22.7,-0.75,1574706600.0
2019-11-25,434.0,446.27,434.0,443.16,440.6357142857143,18200,77,8019570.0,14400,79.12,12.27,9.16,1574620200.0
2019-11-22,425.05,433.5,425.05,432.3,428.0316159739958,861400,37,368706434.0,859000,99.72,8.45,7.25,1574361000.0
2019-11-21,429.0,432.85,428.4,430.81,430.33222222222224,9000,33,3872990.0,5400,60.0,4.45,1.81,1574274600.0
2019-11-20,426.97,426.97,420.2,426.45,423.5835,4000,15,1694334.0,2400,60.0,6.77,-0.52,1574188200.0
2019-11-19,420.0,426.99,411.0,424.59,421.63424999999995,8000,26,3373074.0,6200,77.5,15.99,4.59,1574101800.0
2019-11-18,416.0,420.0,416.0,416.84,418.9983269720102,1257600,29,526932296.0,1256600,99.92,4.0,0.84,1574015400.0
2019-11-15,419.99,422.0,418.5,418.5,420.72257142857137,7000,25,2945058.0,6000,85.71,3.5,-1.49,1573756200.0
2019-11-14,409.6,420.75,409.6,414.7,415.50468749999993,6400,31,2659230.0,2800,43.75,11.15,5.1,1573669800.0
2019-11-13,404.0,412.5,399.3,408.65,404.50826086956516,9200,41,3721476.0,7000,76.09,13.2,4.65,1573583400.0
2019-11-11,397.82,401.0,395.0,398.5,398.18171428571435,7000,33,2787272.0,5800,82.86,6.0,0.68,1573410600.0
2019-11-08,402.77,402.77,389.3,392.28,396.2913333333333,15000,70,5944370.0,10800,72.0,13.47,-10.49,1573151400.0
2019-11-07,407.0,408.0,395.66,402.58,402.45813333333325,15000,64,6036872.0,10200,68.0,12.34,-4.42,1573065000.0
2019-11-06,406.5,408.0,396.1,403.15,403.4553333333333,21000,89,8472562.0,12800,60.95,11.9,-3.35,1572978600.0
2019-11-05,410.32,414.5,401.4,405.8,407.30660714285705,11200,55,4561834.0,6200,55.36,13.1,-4.52,1572892200.0
2019-11-04,422.3,422.3,412.0,412.0,416.1634375,6400,28,2663446.0,3800,59.38,10.3,-10.3,1572805800.0
2019-11-01,419.8,421.0,416.12,420.89,419.9018918918919,7400,19,3107274.0,5800,78.38,4.88,1.09,1572546600.0
2019-10-31,419.9,421.0,411.55,411.87,415.78928571428565,2800,12,1164210.0,1400,50.0,9.45,-8.03,1572460200.0
2019-10-30,418.7,420.0,410.03,416.71,416.5515384615385,5200,25,2166068.0,3800,73.08,9.97,-1.99,1572373800.0
2019-10-29,414.0,420.45,414.0,417.86,418.25,6000,22,2509500.0,3400,56.67,6.45,3.86,1572287400.0
2019-10-27,414.8,414.8,405.0,410.32,409.21526315789464,3800,19,1555018.0,1800,47.37,9.8,-4.48,1572114600.0
2019-10-25,414.77,416.95,405.25,413.39,411.5236585365853,8200,39,3374494.0,3200,39.02,11.7,-1.38,1571941800.0
2019-10-24,415.0,419.8,404.0,405.66,412.0702777777778,7200,33,2966906.0,3400,47.22,15.8,-9.34,1571855400.0
2019-10-23,405.2,411.3,399.5,403.85,401.61653543307085,25400,77,10201060.0,16200,63.78,11.8,-1.35,1571769000.0
2019-10-22,412.0,415.4,405.0,409.64,410.21428571428567,9800,45,4020100.0,5800,59.18,10.4,-2.36,1571682600.0
2019-10-18,423.4,423.4,411.5,412.78,415.85568627450976,10200,47,4241728.0,6400,62.74,11.9,-10.62,1571337000.0
2019-10-17,423.95,423.95,411.0,414.76,417.46325581395354,8600,40,3590184.0,3600,41.86,12.95,-9.19,1571250600.0
2019-10-16,427.94,429.9,418.5,423.95,426.1988235294118,3400,17,1449076.0,1800,52.94,11.4,-3.99,1571164200.0
2019-10-15,424.62,428.0,423.0,424.14,425.34,5200,25,2211768.0,3200,61.54,5.0,-0.48,1571077800.0
2019-10-14,450.0,450.0,422.22,425.05,428.790625,6400,25,2744260.0,5000,78.12,27.78,-24.95,1570991400.0
2019-10-11,422.8,426.99,415.5,425.58,421.6354166666666,4800,23,2023850.0,2400,50.0,11.49,2.78,1570732200.0
2019-10-10,420.0,427.4,416.15,418.59,422.69,8400,35,3550596.0,5400,64.29,11.25,-1.41,1570645800.0
2019-10-09,431.03,431.03,412.5,417.17,424.7530952380953,8400,40,3567926.0,4600,54.76,18.53,-13.86,1570559400.0
2019-10-07,418.5,440.8,418.5,429.69,430.9273333333333,9000,37,3878346.0,3800,42.22,22.3,11.19,1570386600.0
2019-10-04,405.0,417.0,405.0,414.37,411.1886585365853,16400,54,6743494.0,12800,78.05,12.0,9.37,1570127400.0
2019-10-03,399.0,409.5,399.0,405.86,400.0044384,2500000,42,1000011096.0,2498800,99.95,10.5,6.86,1570041000.0
2019-10-01,404.9,404.9,396.17,396.3,399.4912499999999,1600,8,639186.0,1200,75.0,8.73,-8.6,1569868200.0
2019-09-30,393.45,404.0,393.45,401.0,399.71277777777783,3600,17,1438966.0,1600,44.44,10.55,7.55,1569781800.0
2019-09-27,393.8,393.8,393.0,393.25,393.5757142857143,2800,5,1102012.0,2800,100.0,0.8,-0.55,1569522600.0
2019-09-26,388.0,393.0,388.0,392.95,392.4322222222222,3600,9,1412756.0,2800,77.78,5.0,4.95,1569436200.0
2019-09-25,391.8,393.9,385.1,393.17,391.57466666666653,6000,15,2349448.0,2800,46.67,8.8,1.37,1569349800.0
2019-09-24,390.69,395.0,390.69,394.0,394.61645161290323,12400,28,4893244.0,10000,80.65,4.31,3.31,1569263400.0
2019-09-23,387.0,390.0,380.0,390.0,386.330625,12800,27,4945032.0,9600,75.0,10.0,3.0,1569177000.0
2019-09-20,395.97,395.97,377.0,383.38,385.77705882352944,20400,46,7869852.0,15600,76.47,18.97,-12.59,1568917800.0
2019-09-19,400.0,400.0,396.6,398.0,397.3448622881356,755200,23,300074840.0,751600,99.52,3.4,-2.0,1568831400.0
2019-09-18,396.2,401.4,396.0,399.73,398.3142857142857,2800,7,1115280.0,1600,57.14,5.4,3.53,1568745000.0
2019-09-17,402.67,402.97,390.05,394.9,401.787700228833,349600,32,140464980.0,346000,98.97,12.92,-7.77,1568658600.0
2019-09-16,435.0,435.0,400.0,400.05,404.4895,8000,20,3235916.0,4000,50.0,35.0,-34.95,1568572200.0
2019-09-13,405.0,405.99,403.99,404.4,404.7,2400,6,971280.0,2000,83.33,2.0,-0.6,1568313000.0
2019-09-12,402.07,402.2,400.0,401.0,401.7675,6400,11,2571312.0,4800,75.0,2.2,-1.07,1568226600.0
2019-09-11,409.55,409.55,401.0,402.21,402.28146341463406,16400,32,6597416.0,12800,78.05,8.55,-7.34,1568140200.0
2019-09-09,415.95,415.95,408.5,409.19,409.4875,9600,18,3931080.0,8800,91.67,7.45,-6.76,1567967400.0
2019-09-06,411.0,412.77,405.11,409.48,409.3711111111112,7200,17,2947472.0,5600,77.78,7.66,-1.52,1567708200.0
2019-09-05,395.0,400.67,395.0,400.08,398.79124999999993,3200,8,1276132.0,2000,62.5,5.67,5.08,1567621800.0
2019-09-04,392.9,394.0,389.1,390.0,392.09,3200,8,1254688.0,2000,62.5,4.9,-2.9,1567535400.0
2019-09-03,398.0,398.0,388.1,390.74,391.7883333333333,4800,12,1880584.0,2800,58.33,9.9,-7.26,1567449000.0
2019-08-30,390.0,400.0,386.25,397.86,395.40727272727275,8800,18,3479584.0,6000,68.18,13.75,7.86,1567103400.0
2019-08-29,380.0,382.8,379.0,379.15,380.35909090909087,4400,10,1673580.0,2400,54.55,3.8,-0.85,1567017000.0
2019-08-28,388.18,388.85,379.25,380.04,383.0157142857143,8400,21,3217332.0,5600,66.67,9.6,-8.14,1566930600.0
2019-08-27,392.25,392.25,382.0,388.7,385.5993333333333,6000,15,2313596.0,2400,40.0,10.25,-3.55,1566844200.0
2019-08-26,388.0,394.99,388.0,390.0,390.29370370370367,10800,25,4215172.0,6800,62.96,6.99,2.0,1566757800.0
2019-08-23,377.0,380.0,377.0,380.0,378.5233333333333,2400,6,908456.0,1600,66.67,3.0,3.0,1566498600.0
2019-08-22,379.1,381.88,378.06,379.25,379.6925,3200,8,1215016.0,2400,75.0,3.82,0.15,1566412200.0
2019-08-21,381.79,381.79,371.0,378.25,377.16888888888883,3600,9,1357808.0,2800,77.78,10.79,-3.54,1566325800.0
2019-08-20,378.8,380.0,378.8,380.0,379.37,1600,4,606992.0,1200,75.0,1.2,1.2,1566239400.0
2019-08-19,385.99,397.98,375.0,375.47,382.1112698412697,25200,55,9629204.0,19200,76.19,22.98,-10.52,1566153000.0
2019-08-16,376.0,377.0,368.6,376.69,374.850625,6400,13,2399044.0,4400,68.75,8.4,0.69,1565893800.0
2019-08-14,374.0,376.88,374.0,376.0,375.4828571428571,2800,7,1051352.0,2400,85.71,2.88,2.0,1565721000.0
2019-08-13,364.0,375.0,363.0,371.35,367.512,6000,13,2205072.0,3200,53.33,12.0,7.35,1565634600.0
2019-08-09,360.0,361.44,355.0,357.12,358.5141666666666,4800,12,1720868.0,4400,91.67,6.44,-2.88,1565289000.0
2019-08-08,360.0,361.5,357.0,359.65,359.33,4400,11,1581052.0,3200,72.73,4.5,-0.35,1565202600.0
2019-08-07,364.0,364.5,360.1,360.97,361.5957142857143,5600,11,2024936.0,5600,100.0,4.4,-3.03,1565116200.0
2019-08-06,376.84,376.85,366.7,366.7,373.23500000000007,2400,5,895764.0,2000,83.33,10.15,-10.14,1565029800.0
2019-08-05,364.5,375.9,364.5,372.92,371.88899999999995,4000,10,1487556.0,2000,50.0,11.4,8.42,1564943400.0
2019-08-02,362.01,370.0,362.01,366.5,366.39541666666656,9600,23,3517396.0,4000,41.67,7.99,4.49,1564684200.0
2019-08-01,372.0,372.0,364.2,365.32,368.4183333333332,14400,27,5305224.0,10000,69.44,7.8,-6.68,1564597800.0
2019-07-31,357.1,380.0,357.1,373.1,370.083125,6400,15,2368532.0,3600,56.25,22.9,16.0,1564511400.0
2019-07-30,371.0,371.0,356.1,361.15,364.25299999999993,12000,29,4371036.0,5600,46.67,14.9,-9.85,1564425000.0
2019-07-29,378.0,378.0,370.25,371.21,372.5736363636364,4400,11,1639324.0,3200,72.73,7.75,-6.79,1564338600.0
2019-07-26,375.9,375.9,375.9,375.9,375.9,800,2,300720.0,800,100.0,0.0,0.0,1564079400.0
2019-07-25,377.0,377.0,366.0,372.8,373.1104347826087,9200,22,3432616.0,4000,43.48,11.0,-4.2,1563993000.0
2019-07-24,375.0,378.0,375.0,376.9,377.41466666666656,6000,10,2264488.0,5200,86.67,3.0,1.9,1563906600.0
2019-07-23,375.11,375.11,369.05,371.27,372.208,6000,15,2233248.0,4400,73.33,6.06,-3.84,1563820200.0
2019-07-22,375.0,383.0,372.0,381.33,377.9768,10000,23,3779768.0,4400,44.0,11.0,6.33,1563733800.0
2019-07-19,382.25,382.39,371.1,371.1,375.97458333333327,9600,23,3609356.0,5200,54.17,11.29,-11.15,1563474600.0
2019-07-18,381.0,381.05,381.0,381.0,381.00624999999997,3200,7,1219220.0,2800,87.5,0.05,0.0,1563388200.0
2019-07-17,381.0,381.0,380.0,380.0,380.6666666666666,1200,3,456800.0,1200,100.0,1.0,-1.0,1563301800.0
2019-07-16,378.6,384.0,378.6,383.9,381.0071428571429,2800,7,1066820.0,800,28.57,5.4,5.3,1563215400.0
2019-07-15,372.4,376.5,372.0,374.5,373.90555555555557,3600,9,1346060.0,1600,44.44,4.5,2.1,1563129000.0
2019-07-12,371.06,377.35,371.06,377.0,375.13666666666654,1200,3,450164.0,400,33.33,6.29,5.94,1562869800.0
2019-07-11,375.35,378.0,371.0,376.0,375.0348684210527,30400,29,11401060.0,9200,30.26,7.0,0.65,1562783400.0
2019-07-10,378.0,379.0,378.0,378.01,378.4,2000,5,756800.0,1600,80.0,1.0,0.01,1562697000.0
2019-07-09,375.0,375.0,373.0,373.77,373.292,10000,15,3732920.0,8800,88.0,2.0,-1.23,1562610600.0
2019-07-08,373.0,379.0,370.0,373.01,374.79875,6400,16,2398712.0,4400,68.75,9.0,0.01,1562524200.0
2019-07-05,373.33,376.5,372.0,376.24,372.42357142857134,39200,37,14599004.0,35600,90.82,4.5,2.91,1562265000.0
2019-07-04,376.0,378.74,373.61,377.24,377.004,4000,10,1508016.0,2400,60.0,5.13,1.24,1562178600.0
2019-07-03,370.7,375.0,367.71,374.45,370.99140350877184,22800,46,8458604.0,16400,71.93,7.29,3.75,1562092200.0
2019-07-02,362.23,372.0,362.23,370.04,370.13764285714285,56000,84,20727708.0,40800,72.86,9.77,7.81,1562005800.0
2019-07-01,368.0,372.8,368.0,369.0,369.52545454545464,4400,11,1625912.0,4000,90.91,4.8,1.0,1561919400.0
2019-06-28,370.0,371.82,366.3,368.33,368.32479069767436,86000,16,31675932.0,82800,96.28,5.52,-1.67,1561660200.0
2019-06-27,370.0,375.75,368.84,369.97,369.0071917070544,2971200,73,1096394168.0,2960400,99.64,6.91,-0.03,1561573800.0
2019-06-26,369.5,370.0,369.0,370.0,369.78571428571433,2800,4,1035400.0,2800,100.0,1.0,0.5,1561487400.0
2019-06-25,373.0,374.5,369.75,370.63,372.02888888888884,14400,35,5357216.0,9200,63.89,4.75,-2.37,1561401000.0
2019-06-24,374.11,374.11,369.0,370.3,370.15888888888884,32400,64,11993148.0,26800,82.72,5.11,-3.81,1561314600.0
2019-06-21,375.0,375.0,373.15,374.13,374.50444444444446,3600,9,1348216.0,2400,66.67,1.85,-0.87,1561055400.0
2019-06-20,370.65,373.65,367.2,372.88,370.70866666666655,6000,15,2224252.0,3200,53.33,6.45,2.23,1560969000.0
2019-06-19,369.99,370.7,361.51,364.45,365.6208333333332,9600,16,3509960.0,7600,79.17,9.19,-5.54,1560882600.0
2019-06-18,361.01,366.4,357.1,359.53,360.56978260869573,18400,29,6634484.0,14400,78.26,9.3,-1.48,1560796200.0
2019-06-17,355.3,365.0,355.3,364.97,363.82523809523815,8400,20,3056132.0,6400,76.19,9.7,9.67,1560709800.0
2019-06-14,352.5,356.0,352.5,355.26,354.442,2000,5,708884.0,1600,80.0,3.5,2.76,1560450600.0
2019-06-13,357.98,358.0,357.98,358.0,357.99777777777774,3600,9,1288792.0,3200,88.89,0.02,0.02,1560364200.0
2019-06-12,368.0,380.0,355.0,359.04,362.57971544715446,98400,210,35677844.0,77200,78.46,25.0,-8.96,1560277800.0
2019-06-11,353.01,368.0,353.01,364.25,361.08,5600,14,2022048.0,3600,64.29,14.99,11.24,1560191400.0
2019-06-10,355.9,359.5,351.0,359.25,354.88111111111107,3600,9,1277572.0,2400,66.67,8.5,3.35,1560105000.0
2019-06-07,368.0,368.0,345.05,350.99,352.38968723584105,5915,38,2084385.0,4715,79.71,22.95,-17.01,1559845800.0
2019-06-06,357.75,362.0,354.0,360.33,357.84941176470585,47600,16,17033632.0,44800,94.12,8.0,2.58,1559759400.0
2019-06-04,358.7,360.0,354.21,359.53,358.9750000000001,4000,10,1435900.0,3200,80.0,5.79,0.83,1559586600.0
2019-06-03,353.0,358.7,351.07,354.89,353.3783333333333,2400,6,848108.0,2000,83.33,7.63,1.89,1559500200.0
2019-05-31,349.9,357.5,349.9,354.02,354.2294444444444,7200,17,2550452.0,5200,72.22,7.6,4.12,1559241000.0
2019-05-30,347.84,352.5,347.84,348.3,349.5446153846154,5200,12,1817632.0,4000,76.92,4.66,0.46,1559154600.0
2019-05-29,348.5,349.49,347.0,347.84,348.22499999999997,2400,6,835740.0,1600,66.67,2.49,-0.66,1559068200.0
2019-05-28,345.05,349.5,345.05,349.5,347.976,2000,5,695952.0,1200,60.0,4.45,4.45,1558981800.0
2019-05-27,345.0,350.8,345.0,346.3,346.5623076923077,5200,13,1802124.0,4000,76.92,5.8,1.3,1558895400.0
2019-05-24,350.0,350.0,346.56,347.0,348.712,2000,5,697424.0,1600,80.0,3.44,-3.0,1558636200.0
2019-05-23,346.9,350.4,345.12,349.99,348.60818181818183,4400,11,1533876.0,2400,54.55,5.28,3.09,1558549800.0
2019-05-22,343.05,346.9,343.0,345.96,345.0541666666666,4800,12,1656260.0,2800,58.33,3.9,2.91,1558463400.0
2019-05-21,343.88,347.84,340.0,345.71,344.16638297872345,18800,46,6470328.0,11200,59.57,7.84,1.83,1558377000.0
2019-05-20,342.75,343.75,340.01,340.18,341.9525,9600,24,3282744.0,8000,83.33,3.74,-2.57,1558290600.0
2019-05-17,340.1,343.4,340.0,341.05,341.18875,3200,8,1091804.0,2000,62.5,3.4,0.95,1558031400.0
2019-05-16,342.0,343.45,339.07,341.78,341.15500000000003,1600,4,545848.0,1200,75.0,4.38,-0.22,1557945000.0
2019-05-15,339.9,343.95,337.61,343.95,341.11625,3200,8,1091572.0,1600,50.0,6.34,4.05,1557858600.0
2019-05-14,334.0,345.0,334.0,341.84,340.38463414634145,32800,71,11164616.0,20800,63.41,11.0,7.84,1557772200.0
2019-05-13,333.5,333.5,332.5,332.5,332.83333333333326,1200,3,399400.0,1200,100.0,1.0,-1.0,1557685800.0
2019-05-10,342.7,342.7,334.2,335.45,336.42038461538465,10400,26,3498772.0,6800,65.38,8.5,-7.25,1557426600.0
2019-05-09,335.1,337.5,333.5,337.32,335.8254545454545,8800,21,2955264.0,5200,59.09,4.0,2.22,1557340200.0
2019-05-08,332.0,342.45,332.0,335.4,338.0774468085107,18800,46,6355856.0,9600,51.06,10.45,3.4,1557253800.0
2019-05-07,329.49,329.77,326.0,327.26,327.44,7200,18,2357568.0,4800,66.67,3.77,-2.23,1557167400.0
2019-05-06,326.0,328.0,322.5,326.65,325.2695,8000,20,2602156.0,4800,60.0,5.5,0.65,1557081000.0
2019-05-03,323.0,326.0,320.1,326.0,322.5233333333333,49200,21,15868148.0,7200,14.63,5.9,3.0,1556821800.0
2019-05-02,324.9,324.9,320.55,321.55,322.1926315789474,15200,31,4897328.0,14400,94.74,4.35,-3.35,1556735400.0
2019-04-30,327.0,329.0,318.0,320.33,323.82408163265313,39200,77,12693904.0,33600,85.71,11.0,-6.67,1556562600.0
2019-04-26,326.4,330.0,326.4,327.92,328.81,6000,14,1972860.0,5200,86.67,3.6,1.52,1556217000.0
2019-04-25,326.05,332.0,326.05,329.05,328.4970588235294,6800,17,2233780.0,3600,52.94,5.95,3.0,1556130600.0
2019-04-24,331.0,331.0,327.7,328.5,328.57947368421054,22800,46,7491612.0,17600,77.19,3.3,-2.5,1556044200.0
2019-04-23,331.0,332.5,328.1,329.26,331.4372972972973,29600,25,9810544.0,20000,67.57,4.4,-1.74,1555957800.0
2019-04-22,338.0,338.0,327.0,331.5,332.00583333333327,14400,33,4780884.0,7600,52.78,11.0,-6.5,1555871400.0
2019-04-18,352.0,352.0,336.5,337.34,339.9476315789473,15200,38,5167204.0,9200,60.53,15.5,-14.66,1555525800.0
2019-04-16,345.0,348.9,336.9,337.7,342.9701428571429,28000,66,9603164.0,14400,51.43,12.0,-7.3,1555353000.0
2019-04-15,339.6,340.0,337.66,339.71,338.8081818181818,13200,30,4472268.0,8000,60.61,2.34,0.11,1555266600.0
2019-04-12,330.0,339.5,329.0,337.3,334.7544615384616,26000,57,8703616.0,14800,56.92,10.5,7.3,1555007400.0
2019-04-11,328.0,329.0,327.02,329.0,328.48136363636365,8800,19,2890636.0,5600,63.64,1.98,1.0,1554921000.0
2019-04-10,325.0,329.0,325.0,327.09,327.78147058823527,13600,30,4457828.0,10800,79.41,4.0,2.09,1554834600.0
2019-04-09,322.0,327.93,322.0,325.0,324.7473333333333,12000,30,3896968.0,9200,76.67,5.93,3.0,1554748200.0
2019-04-08,332.5,334.95,320.0,321.05,325.8652564102564,31200,72,10166996.0,22800,73.08,14.95,-11.45,1554661800.0
2019-04-05,331.5,334.0,327.9,328.02,329.8614925373133,26800,62,8840288.0,21200,79.1,6.1,-3.48,1554402600.0
2019-04-04,324.79,329.99,322.0,328.53,327.1968279569892,74400,157,24343444.0,43600,58.6,7.99,3.74,1554316200.0
2019-04-03,317.0,324.9,316.5,322.35,321.6355474452555,54800,118,17625628.0,36800,67.15,8.4,5.35,1554229800.0
2019-04-02,325.95,325.95,313.0,315.22,315.6711507936508,100800,197,31819652.0,68000,67.46,12.95,-10.73,1554143400.0
2019-04-01,300.0,324.5,300.0,314.1,312.2280631276901,278800,509,87049184.0,171600,61.55,24.5,14.1,1554057000.0
