date,actual lb,predicted lb,actual ub,predicted ub,close,actual ub close diff,predicted ub close diff,actual lb close diff,predicted lb close diff,predicted lb ub diff,predicted lb %,predicted ub %,invest,exit,company
2017-10-30,3.932610238999213e-05,4.053310279046088e-05,1.0932794450741987,1.110397902809548,14494.19,-1352.0100000000002,-1600.1281789231234,14493.62,14493.602505506866,-16093.73068442999,0.9999594668972095,0.11039790280954809,False,False,500236-KANEL INDUSTRIES LIMITED
2017-10-31,3.934950436883049e-05,4.060034750214102e-05,1.093930028297126,1.1159022820440927,14485.57,-1360.6299999999992,-1678.910619709448,14485.0,14484.981880824233,-16163.89250053368,0.9999593996524978,0.1159022820440927,False,False,500236-KANEL INDUSTRIES LIMITED
2017-11-01,3.901723124143931e-05,4.053310279046088e-05,1.0846927187685889,1.1159022820440927,14608.93,-1237.2700000000004,-1693.2083252224074,14608.36,14608.337854738651,-16301.546179961058,0.9999594668972095,0.1159022820440927,False,False,500236-KANEL INDUSTRIES LIMITED
2017-11-02,3.8985314847454566e-05,4.060034750214102e-05,1.0838054318170782,1.1159022820440927,14620.89,-1225.3100000000013,-1694.5945165156536,14620.32,14620.296386785209,-16314.890903300862,0.9999593996524978,0.1159022820440927,False,False,500236-KANEL INDUSTRIES LIMITED
2017-11-03,3.888685358280955e-05,4.030855655605865e-05,1.0810681741121346,1.110397902809548,14657.91,-1188.289999999999,-1618.2025235711026,14657.34,14657.319160805771,-16275.521684376874,0.999959691443444,0.11039790280954809,False,False,500236-KANEL INDUSTRIES LIMITED
2017-11-06,3.882349816065163e-05,4.045357975351496e-05,1.079306871146172,1.1159022820440927,14681.83,-1164.3700000000026,-1701.6576015834216,14681.26,14681.236067419168,-16382.89366900259,0.9999595464202465,0.1159022820440927,False,False,500236-KANEL INDUSTRIES LIMITED
2017-11-07,3.926136289277721e-05,4.031280649111167e-05,1.0914796643360112,1.1159022820440927,14518.09,-1328.1100000000006,-1682.6797619215213,14517.52,14517.50473504721,-16200.184496968732,0.9999596871935089,0.1159022820440927,False,False,500236-KANEL INDUSTRIES LIMITED
2017-11-08,3.948637235233482e-05,4.053310279046088e-05,1.0977350062624,1.1113784690352952,14435.36,-1410.8400000000001,-1607.7882967733403,14434.79,14434.774890069304,-16042.563186842644,0.9999594668972095,0.11137846903529525,False,False,500236-KANEL INDUSTRIES LIMITED
2017-11-09,3.9362139974532e-05,4.053310279046089e-05,1.0942813025691738,1.1159022820440927,14480.92,-1365.2800000000007,-1678.3716740979435,14480.35,14480.333043381139,-16158.704717479082,0.9999594668972095,0.1159022820440927,False,False,500236-KANEL INDUSTRIES LIMITED
2017-11-10,3.9351433151580335e-05,4.0233657425203055e-05,1.0939836491343375,1.110397902809548,14484.86,-1361.3400000000001,-1599.09816648991,14484.29,14484.277221104909,-16083.375387594819,0.9999597663425748,0.11039790280954809,False,False,500236-KANEL INDUSTRIES LIMITED
2017-11-13,3.964053683023141e-05,4.073457288555778e-05,1.1020208328407244,1.1159022820440927,14379.22,-1466.9800000000014,-1666.5844120140591,14378.65,14378.634268614873,-16045.218680628932,0.9999592654271144,0.1159022820440927,False,False,500236-KANEL INDUSTRIES LIMITED
2017-11-14,3.97812727913542e-05,4.053310279046088e-05,1.1059333419409771,1.1159022820440927,14328.35,-1517.8500000000004,-1660.688462926475,14327.78,14327.769227516632,-15988.457690443107,0.9999594668972095,0.1159022820440927,False,False,500236-KANEL INDUSTRIES LIMITED
2017-11-15,4.0132196864619314e-05,4.053310279046089e-05,1.115689154309001,1.1159022820440927,14203.06,-1643.1400000000012,-1646.1670660091713,14202.49,14202.48430590908,-15848.651371918251,0.9999594668972095,0.1159022820440927,False,False,500236-KANEL INDUSTRIES LIMITED
2017-11-16,3.973781408559106e-05,4.053310279046088e-05,1.1047251746720934,1.110397902809548,14344.02,-1502.180000000002,-1583.5497258582145,14343.45,14343.438592362912,-15926.988318221127,0.9999594668972095,0.11039790280954809,False,False,500236-KANEL INDUSTRIES LIMITED
2017-11-17,3.94345500621613e-05,4.060034750214102e-05,1.0962943284123166,1.1159022820440927,14454.33,-1391.869999999999,-1675.2898324183898,14453.76,14453.743149179089,-16129.032981597478,0.9999593996524978,0.1159022820440927,False,False,500236-KANEL INDUSTRIES LIMITED
2017-11-20,3.932675357649225e-05,4.073457288555778e-05,1.0932975482873888,1.1159022820440927,14493.95,-1352.2499999999982,-1679.881880832978,14493.380000000001,14493.359595137326,-16173.241475970304,0.9999592654271144,0.1159022820440927,False,False,500236-KANEL INDUSTRIES LIMITED
2017-11-21,3.921914004122826e-05,4.034214705843887e-05,1.0903058542479147,1.1089906751339822,14533.72,-1312.4800000000032,-1584.0399550082602,14533.15,14533.133678530454,-16117.173633538714,0.9999596578529416,0.1089906751339822,False,False,500236-KANEL INDUSTRIES LIMITED
2017-11-24,3.896482091905024e-05,4.081902904710267e-05,1.083235693416586,1.1159022820440927,14628.58,-1217.6200000000026,-1695.4858050645744,14628.01,14627.982875568063,-16323.468680632637,0.9999591809709529,0.1159022820440927,False,False,500236-KANEL INDUSTRIES LIMITED
2017-11-27,3.887428261603461e-05,4.039410163288399e-05,1.080718696824926,1.110397902809548,14662.65,-1183.550000000001,-1618.7258096304195,14662.08,14662.057715425692,-16280.783525056111,0.9999596058983671,0.11039790280954809,False,False,500236-KANEL INDUSTRIES LIMITED
2017-11-28,3.8929320744820345e-05,4.039410163288399e-05,1.0822487761167934,1.110397902809548,14641.92,-1204.2799999999988,-1616.4372611051785,14641.35,14641.32855279542,-16257.765813900598,0.9999596058983671,0.11039790280954809,False,False,500236-KANEL INDUSTRIES LIMITED
2017-11-29,3.8968203996496965e-05,4.053310279046089e-05,1.0833297441566496,1.1159022820440927,14627.31,-1218.890000000003,-1695.3386091663779,14626.74,14626.717109740222,-16322.0557189066,0.9999594668972095,0.1159022820440927,False,False,500236-KANEL INDUSTRIES LIMITED
2017-11-30,3.9327757531265565e-05,4.053310279046088e-05,1.0933254585823518,1.110397902809548,14493.58,-1352.6200000000008,-1600.0608362024104,14493.01,14492.992530232059,-16093.05336643447,0.9999594668972095,0.11039790280954809,False,False,500236-KANEL INDUSTRIES LIMITED
2017-12-01,3.975399946157741e-05,4.053310279046088e-05,1.105175133803593,1.1157524234102145,14338.18,-1508.0200000000004,-1659.6790822918701,14337.61,14337.598829076233,-15997.277911368103,0.9999594668972095,0.11575242341021452,False,False,500236-KANEL INDUSTRIES LIMITED
2017-12-04,3.975957316354368e-05,4.053310279046088e-05,1.1053300846739402,1.1157524234102145,14336.17,-1510.0300000000025,-1659.446419920816,14335.6,14335.588910547769,-15995.035330468585,0.9999594668972095,0.11575242341021452,False,False,500236-KANEL INDUSTRIES LIMITED
2017-12-05,3.978565999174971e-05,4.053310279046089e-05,1.1060553076513409,1.1309878229682417,14326.77,-1519.4300000000003,-1876.6324124667171,14326.2,14326.189291558936,-16202.821704025653,0.9999594668972095,0.13098782296824174,False,False,500236-KANEL INDUSTRIES LIMITED
2017-12-06,4.009301579664822e-05,4.053310279046088e-05,1.1145999068716617,1.1332671454851622,14216.94,-1629.260000000002,-1894.6510113338209,14216.37,14216.363743309616,-16111.014754643436,0.9999594668972095,0.13326714548516216,False,False,500236-KANEL INDUSTRIES LIMITED
2017-12-07,3.958410302422547e-05,4.053310279046089e-05,1.1004519532324242,1.1309878229682417,14399.72,-1446.4800000000032,-1886.1879741522498,14399.15,14399.136334669085,-16285.324308821335,0.9999594668972095,0.13098782296824174,False,False,500236-KANEL INDUSTRIES LIMITED
2017-12-08,3.92141214867243e-05,4.0961827872200876e-05,1.0901663366718082,1.1332671454851622,14535.58,-1310.6200000000008,-1937.115254571212,14535.01,14534.984596074017,-16472.09985064523,0.9999590381721278,0.13326714548516216,False,False,500236-KANEL INDUSTRIES LIMITED
2017-12-11,3.9038823082217815e-05,4.165432960717218e-05,1.0852929795183155,1.1309878229682417,14600.85,-1245.3499999999967,-1912.5335549858519,14600.28,14600.241811381555,-16512.77536636741,0.9999583456703929,0.13098782296824174,False,False,500236-KANEL INDUSTRIES LIMITED
2017-12-12,3.934309456216312e-05,4.1338589928166595e-05,1.093751833422718,1.1309878229682417,14487.93,-1358.2700000000004,-1897.7424100162789,14487.36,14487.331089402822,-16385.0734994191,0.9999586614100718,0.13098782296824174,False,False,500236-KANEL INDUSTRIES LIMITED
2017-12-13,3.958556002108451e-05,4.053310279046088e-05,1.1004924582563325,1.1332671454851622,14399.19,-1447.0100000000002,-1918.938948598492,14398.62,14398.606356151631,-16317.545304750123,0.9999594668972095,0.13326714548516216,False,False,500236-KANEL INDUSTRIES LIMITED
2017-12-14,3.943768776144765e-05,4.053310279046088e-05,1.096381557553424,1.1332671454851622,14453.18,-1393.019999999995,-1926.1340417832362,14452.61,14452.594167769412,-16378.728209552648,0.9999594668972095,0.13326714548516216,False,False,500236-KANEL INDUSTRIES LIMITED
2017-12-15,3.90784345316244e-05,4.0961827872200876e-05,1.0863941917105728,1.1332671454851622,14586.05,-1260.1500000000015,-1943.8412474038487,14585.48,14585.452528730564,-16529.293776134415,0.9999590381721278,0.13326714548516216,False,False,500236-KANEL INDUSTRIES LIMITED
2017-12-18,3.8878869811717135e-05,4.165432960717218e-05,1.0808462224744424,1.1309878229682417,14660.92,-1185.2800000000025,-1920.4019935115557,14660.35,14660.309309205975,-16580.71130271753,0.9999583456703929,0.13098782296824174,False,False,500236-KANEL INDUSTRIES LIMITED
2017-12-19,3.850690489605162e-05,4.1338589928166595e-05,1.0705054673049357,1.1309878229682417,14802.54,-1043.6600000000035,-1938.9524890003158,14801.970000000001,14801.928083869045,-16740.880572869362,0.9999586614100718,0.13098782296824174,False,False,500236-KANEL INDUSTRIES LIMITED
2017-12-20,3.849109505139574e-05,4.1091033435956013e-05,1.070065948076188,1.1309878229682417,14808.62,-1037.58,-1939.7488949639646,14808.050000000001,14808.01149850044,-16747.760393464407,0.999958908966564,0.13098782296824174,False,False,500236-KANEL INDUSTRIES LIMITED
2017-12-21,3.839710283754589e-05,4.109103343595601e-05,1.0674529315514385,1.1309878229682417,14844.87,-1001.3300000000036,-1944.4972035465635,14844.300000000001,14844.260008950478,-16788.75721249704,0.999958908966564,0.13098782296824174,False,False,500236-KANEL INDUSTRIES LIMITED
2017-12-22,3.82342741424287e-05,4.066610602173732e-05,1.0629262366943049,1.1332671454851622,14908.09,-938.1099999999988,-1986.7585989358922,14907.52,14907.48374603148,-16894.242344967373,0.9999593338939783,0.13326714548516216,False,False,500236-KANEL INDUSTRIES LIMITED
2017-12-26,3.809032485701092e-05,4.109103343595601e-05,1.0589243960511694,1.1309878229682417,14964.43,-881.7700000000004,-1960.1581076606453,14963.86,14963.81509610652,-16923.973203767164,0.999958908966564,0.13098782296824174,False,False,500236-KANEL INDUSTRIES LIMITED
2017-12-27,3.819801852804941e-05,4.066610602173732e-05,1.0619183178932925,1.1332671454851622,14922.24,-923.9600000000046,-1988.6443290445077,14921.67,14921.633170606077,-16910.277499650583,0.9999593338939783,0.13326714548516216,False,False,500236-KANEL INDUSTRIES LIMITED
2017-12-28,3.821384467480018e-05,4.053310279046089e-05,1.0623582903259976,1.1309878229682417,14916.06,-930.1399999999994,-1953.8222266636712,14915.49,14915.455405806792,-16869.27763247046,0.9999594668972095,0.13098782296824174,False,False,500236-KANEL INDUSTRIES LIMITED
2018-01-02,3.826684748311559e-05,5.159336906455516e-05,1.0638317869946428,1.1400307541507437,14895.4,-950.8000000000011,-2085.814095376989,14894.83,14894.631496130436,-16980.445591507425,0.9999484066309354,0.14003075415074373,False,False,500236-KANEL INDUSTRIES LIMITED
2018-01-03,3.817315342393095e-05,5.3195941483394834e-05,1.0612270592742012,1.1242437293124081,14931.96,-914.2400000000016,-1855.202396343706,14931.39,14931.165680329606,-16786.368076673312,0.9999468040585167,0.12424372931240812,False,False,500236-KANEL INDUSTRIES LIMITED
2018-01-04,3.791744109159656e-05,5.691465975353531e-05,1.05411816671168,1.1400307541507437,15032.66,-813.5400000000027,-2105.03471669172,15032.09,15031.80442127091,-17136.83913796263,0.9999430853402465,0.14003075415074373,False,False,500236-KANEL INDUSTRIES LIMITED
2018-01-05,3.765361187317471e-05,5.547681620831576e-05,1.0467836218678968,1.1400307541507437,15137.99,-708.2100000000028,-2119.7841560264187,15137.42,15137.150192511006,-17256.934348537427,0.9999445231837917,0.14003075415074373,False,False,500236-KANEL INDUSTRIES LIMITED
2018-01-08,3.739119653796879e-05,6.189054290863118e-05,1.039488383473616,1.1400307541507437,15244.23,-601.9700000000012,-2134.661023347391,15243.66,15243.286526329075,-17377.947549676464,0.9999381094570914,0.14003075415074373,False,False,500236-KANEL INDUSTRIES LIMITED
2018-01-09,3.737528457672818e-05,6.038154228108773e-05,1.0390460253679827,1.1400307541507437,15250.72,-595.4800000000014,-2135.5698229418285,15250.15,15249.799138005503,-17385.36896094733,0.999939618457719,0.14003075415074373,False,False,500236-KANEL INDUSTRIES LIMITED
2018-01-10,3.741394791978449e-05,6.450623121138859e-05,1.0401208798710335,1.1242437293124081,15234.96,-611.2400000000016,-1892.848246325364,15234.39,15233.977250147744,-17126.82549647311,0.9999354937687887,0.12424372931240812,False,False,500236-KANEL INDUSTRIES LIMITED
2018-01-11,3.733513589989467e-05,5.3195941483394834e-05,1.037929878064756,1.1242437293124081,15267.12,-579.0799999999963,-1896.843924660052,15266.550000000001,15266.30785117786,-17163.151775837912,0.9999468040585167,0.12424372931240812,False,False,500236-KANEL INDUSTRIES LIMITED
2018-01-16,3.747475385003787e-05,5.9512593587201414e-05,1.0418113060674914,1.1242437293124081,15210.24,-635.960000000001,-1889.7769413367623,15209.67,15209.334799168517,-17099.11174050528,0.9999404874064128,0.12424372931240812,False,False,500236-KANEL INDUSTRIES LIMITED
2018-01-17,3.718791510194708e-05,5.3195941483394834e-05,1.0338370882253929,1.1242437293124081,15327.56,-518.640000000003,-1904.353215659694,15326.99,15326.744636015157,-17231.09785167485,0.9999468040585167,0.12424372931240812,False,False,500236-KANEL INDUSTRIES LIMITED
2018-01-18,3.735507704648479e-05,5.691465975353531e-05,1.0384842489368549,1.1400307541507437,15258.97,-587.2299999999996,-2136.7250766635752,15258.4,15258.10154091426,-17394.826617577834,0.9999430853402465,0.14003075415074373,False,False,500236-KANEL INDUSTRIES LIMITED
2018-01-19,3.5763262806011616e-05,5.7262298405577885e-05,1.0303851183211294,1.1400307541507437,15378.91,-467.2900000000009,-2153.5203653164135,15378.36,15378.029368266427,-17531.54973358284,0.9999427377015945,0.14003075415074373,False,False,500236-KANEL INDUSTRIES LIMITED
2018-01-22,3.423029626644346e-05,5.691465975353531e-05,1.0234341899949364,1.1400307541507437,15483.36,-362.8399999999983,-2168.1465775874603,15482.83,15482.478769833759,-17650.62534742122,0.9999430853402465,0.14003075415074373,False,False,500236-KANEL INDUSTRIES LIMITED
2018-01-23,3.2651890512449015e-05,5.547681620831576e-05,1.014526249879156,1.1400307541507437,15619.31,-226.89000000000124,-2187.183758614252,15618.8,15618.443490409829,-17805.62724902408,0.9999445231837917,0.14003075415074373,False,False,500236-KANEL INDUSTRIES LIMITED
2018-01-24,3.2710046602195807e-05,5.9512593587201414e-05,1.0163332166033632,1.1242437293124081,15591.54,-254.66000000000167,-1937.1510753235852,15591.03,15590.612107016583,-17527.763182340168,0.9999404874064128,0.12424372931240812,False,False,500236-KANEL INDUSTRIES LIMITED
2018-01-25,3.2873067418149285e-05,5.3195941483394834e-05,1.021398433179367,1.1242437293124081,15514.22,-331.97999999999956,-1927.5445501731465,15513.71,15513.394706460718,-17440.939256633865,0.9999468040585167,0.12424372931240812,False,False,500236-KANEL INDUSTRIES LIMITED
2018-01-29,3.219052671427431e-05,5.9070121879298e-05,1.034149642170105,1.1242437293124083,15532.52,-530.4300000000003,-1929.8182104195694,15532.02,15531.602492150509,-17461.420702570078,0.9999409298781207,0.12424372931240835,False,False,500236-KANEL INDUSTRIES LIMITED
2018-01-30,3.2429964249207414e-05,6.639250121878818e-05,1.0418417884736124,1.145841955108303,15417.84,-645.1100000000006,-2248.567929146997,15417.34,15416.816371039009,-17665.384300186008,0.9999336074987812,0.145841955108303,False,False,500236-KANEL INDUSTRIES LIMITED
2018-01-31,3.257925392205348e-05,6.089292606613888e-05,1.046637853574498,1.1541893659793403,15347.19,-715.7600000000002,-2366.373495664471,15346.69,15346.255464694008,-17712.62896035848,0.9999391070739339,0.1541893659793403,False,False,500236-KANEL INDUSTRIES LIMITED
2018-02-01,3.131209416590452e-05,6.418964154961547e-05,1.047842922879617,4416.539973889411,15329.54,-733.4100000000017,-67688196.65133668,15329.060000000001,15328.55600232228,-67703525.207339,0.9999358103584504,4415.539973889411,False,False,500236-KANEL INDUSTRIES LIMITED
2018-02-02,3.0901331377144706e-05,6.421726806217105e-05,1.0790576974880577,4416.53997388941,14886.09,-1176.8600000000006,-65730125.44991541,14885.630000000001,14885.134055968072,-65745010.583971374,0.9999357827319378,4415.53997388941,False,False,500236-KANEL INDUSTRIES LIMITED
2018-02-05,3.109677654870398e-05,6.089292606613888e-05,1.0858825366587057,4738.8030706691525,14792.53,-1270.4200000000037,-70084094.05696556,14792.070000000002,14791.62923956438,-70098885.68620512,0.9999391070739339,4737.8030706691525,False,False,500236-KANEL INDUSTRIES LIMITED
2018-02-06,3.163303479083687e-05,6.089292606613888e-05,1.1046083830292894,4738.8030706691525,14541.76,-1521.1900000000005,-68895995.18093385,14541.300000000001,14540.874509683448,-68910536.05544353,0.9999391070739339,4737.8030706691525,False,False,500236-KANEL INDUSTRIES LIMITED
2018-02-07,3.0215629721192144e-05,6.433608669328513e-05,1.1030730668864168,4416.53997388941,14562.0,-1500.9500000000025,-64299093.099777594,14561.56,14561.063137905572,-64313654.1629155,0.9999356639133067,4415.53997388941,False,False,500236-KANEL INDUSTRIES LIMITED
2018-02-08,2.8469635100619825e-05,6.172013237120576e-05,1.088824583665479,4738.8030706691525,14752.56,-1310.3899999999994,-69894724.06823091,14752.14,14751.649470043985,-69909475.71770096,0.9999382798676288,4737.8030706691525,False,False,500236-KANEL INDUSTRIES LIMITED
2018-02-09,2.866905939546509e-05,5.943460112001232e-05,1.0964515895628242,4416.53997388941,14649.94,-1413.0100000000002,-64687395.68508143,14649.52,14649.06928665967,-64702044.75436809,0.99994056539888,4415.53997388941,False,False,500236-KANEL INDUSTRIES LIMITED
2018-02-12,2.7033310445130493e-05,6.089292606613888e-05,1.0855867850365222,4738.8030706691525,14796.56,-1266.390000000003,-70103187.40334035,14796.16,14795.658994165886,-70117983.06233452,0.9999391070739339,4737.8030706691525,False,False,500236-KANEL INDUSTRIES LIMITED
2018-02-14,2.7097223482995817e-05,5.691465975353532e-05,1.088153364865469,4416.53997388941,14761.66,-1301.2900000000009,-65180699.81096435,14761.26,14760.819845143702,-65195460.63080949,0.9999430853402465,4415.53997388941,False,False,500236-KANEL INDUSTRIES LIMITED
2018-02-15,2.7107268204055383e-05,6.089292606613888e-05,1.0885567344958285,4738.8030706691525,14756.19,-1306.7599999999984,-69911922.29337744,14755.79,14755.291452413312,-69926677.58482985,0.9999391070739339,4737.8030706691525,False,False,500236-KANEL INDUSTRIES LIMITED
2018-02-20,2.5547616614512703e-05,6.089292606613888e-05,1.109108346751586,4738.8030706691525,14482.76,-1580.1900000000005,-68616464.79976436,14482.39,14481.878102366087,-68630946.67786673,0.9999391070739339,4737.8030706691525,False,False,500236-KANEL INDUSTRIES LIMITED
2018-02-21,2.550044625780952e-05,6.089292606613888e-05,1.1070605222077874,4738.8030706691525,14509.55,-1553.4000000000015,-68743390.5440276,14509.179999999998,14508.666471044597,-68757899.21049865,0.9999391070739339,4737.8030706691525,False,False,500236-KANEL INDUSTRIES LIMITED
2018-02-22,2.4882344525089352e-05,5.691465975353532e-05,1.1102329333035668,4416.53997388941,14468.09,-1594.8600000000006,-63884429.74082963,14467.73,14467.266553580366,-63898897.00738321,0.9999430853402465,4415.53997388941,False,False,500236-KANEL INDUSTRIES LIMITED
2018-02-23,2.390726712614157e-05,6.421726806217105e-05,1.0972035328110166,4416.53997388941,14639.9,-1423.050000000001,-64643063.66374358,14639.55,14638.959865617297,-64657702.62360919,0.9999357827319378,4415.53997388941,False,False,500236-KANEL INDUSTRIES LIMITED
2018-02-26,2.301316827025582e-05,6.172013237120576e-05,1.0872334449020755,4738.8030706691525,14774.15,-1288.7999999999993,-69997013.23652665,14773.81,14773.238137506327,-70011786.47466417,0.9999382798676288,4737.8030706691525,False,False,500236-KANEL INDUSTRIES LIMITED
2018-02-27,2.2413560068001383e-05,5.943460112001232e-05,1.0909936202857662,4714.83642628283,14723.23,-1339.7200000000012,-69402897.88654014,14722.9,14722.354930697751,-69417620.24147084,0.99994056539888,4713.83642628283,False,False,500236-KANEL INDUSTRIES LIMITED
2018-02-28,2.1812495697144404e-05,6.421726806217105e-05,1.094915711745143,4416.53997388941,14670.49,-1392.460000000001,-64778135.03154485,14670.17,14669.547901211066,-64792804.57944606,0.9999357827319378,4415.53997388941,False,False,500236-KANEL INDUSTRIES LIMITED
2018-03-01,2.1216542880686377e-05,6.089292606613888e-05,1.0993557015010362,4738.8030706691525,14611.24,-1451.710000000001,-69225177.73828395,14610.93,14610.350278842945,-69239788.08856279,0.9999391070739339,4737.8030706691525,False,False,500236-KANEL INDUSTRIES LIMITED
2018-03-05,2.142758891930992e-05,6.433608669328513e-05,1.1102912562304172,4416.53997388941,14467.33,-1595.6200000000026,-63881073.930449486,14467.02,14466.399228602899,-63895540.32967809,0.9999356639133067,4415.53997388941,False,False,500236-KANEL INDUSTRIES LIMITED
2018-03-06,2.165643807481252e-05,6.433608669328513e-05,1.1221492966897086,4416.53997388941,14314.45,-1748.5,-63206026.17924127,14314.140000000001,14313.529064303833,-63220339.708305575,0.9999356639133067,4415.53997388941,False,False,500236-KANEL INDUSTRIES LIMITED
2018-03-07,2.1894928357675548e-05,6.089292606613888e-05,1.134506901493305,4738.8030706691525,14158.53,-1904.420000000002,-67080326.91016132,14158.220000000001,14157.667845679505,-67094484.578007,0.9999391070739339,4737.8030706691525,False,False,500236-KANEL INDUSTRIES LIMITED
2018-03-08,2.17448945092037e-05,6.433608669328513e-05,1.1267327524406892,4416.53997388941,14256.22,-1806.7300000000014,-62948909.28656168,14255.91,14255.302810594161,-62963164.58937228,0.9999356639133067,4415.53997388941,False,False,500236-KANEL INDUSTRIES LIMITED
2018-03-09,2.177825799226942e-05,6.172013237120576e-05,1.128461513602981,4738.8030706691525,14234.38,-1828.5699999999997,-67439689.27307157,14234.07,14233.501452182178,-67453922.77452375,0.9999382798676288,4737.8030706691525,False,False,500236-KANEL INDUSTRIES LIMITED
2018-03-12,2.146741557938824e-05,6.089292606613888e-05,1.112354913164304,4738.8030706691525,14440.49,-1622.460000000001,-68416197.8639672,14440.18,14439.61067631007,-68430637.4746435,0.9999391070739339,4737.8030706691525,False,False,500236-KANEL INDUSTRIES LIMITED
2018-03-13,2.138540149711608e-05,6.172013237120576e-05,1.1081052741229054,4738.8030706691525,14495.87,-1567.08,-68678577.39802085,14495.560000000001,14494.975312984765,-68693072.37333383,0.9999382798676288,4737.8030706691525,False,False,500236-KANEL INDUSTRIES LIMITED
2018-03-14,2.138214163530619e-05,7.181285993040796e-05,1.1079363612285211,4738.8030706691525,14498.08,-1564.8699999999972,-68689047.94280703,14497.77,14497.0388514117,-68703544.98165844,0.9999281871400696,4737.8030706691525,False,False,500236-KANEL INDUSTRIES LIMITED
2018-03-15,2.142400525233677e-05,6.18905429086312e-05,1.1101055650581386,4714.83642628283,14469.75,-1593.2000000000007,-68208034.62920597,14469.44,14468.854459316748,-68222503.48366529,0.9999381094570914,4713.83642628283,False,False,500236-KANEL INDUSTRIES LIMITED
2018-03-16,2.171361009080492e-05,6.089292606613888e-05,1.1251117200261125,4738.8030706691525,14276.76,-1786.1900000000023,-67640477.36720653,14276.45,14275.890646308857,-67654753.25785284,0.9999391070739339,4737.8030706691525,False,False,500236-KANEL INDUSTRIES LIMITED
2018-03-19,2.198406935051968e-05,6.089292606613888e-05,1.139125828303,4738.8030706691525,14101.12,-1961.829999999998,-66808329.635874204,14100.810000000001,14100.261341542391,-66822429.89721575,0.9999391070739339,4737.8030706691525,False,False,500236-KANEL INDUSTRIES LIMITED
2018-03-20,2.193449510683868e-05,6.089292606613888e-05,1.1365570908915947,4738.8030706691525,14132.99,-1929.9599999999991,-66959323.41973642,14132.68,14132.129400884836,-66973455.54913731,0.9999391070739339,4737.8030706691525,False,False,500236-KANEL INDUSTRIES LIMITED
2018-03-21,2.1860682575132e-05,6.172013237120576e-05,1.1327324231297309,4738.8030706691525,14180.71,-1882.2400000000052,-67185411.38226876,14180.4,14179.834764701682,-67199591.21703346,0.9999382798676288,4737.8030706691525,False,False,500236-KANEL INDUSTRIES LIMITED
2018-03-22,2.197746105026741e-05,5.943460112001232e-05,1.1387834128303,4416.53997388941,14105.36,-1957.590000000002,-62282780.92610074,14105.050000000001,14104.521653554746,-62296885.44775429,0.99994056539888,4415.53997388941,False,False,500236-KANEL INDUSTRIES LIMITED
2018-03-23,2.2242806783912567e-05,6.089292606613888e-05,1.1525325588053177,4772.524943475214,13937.09,-2125.860000000004,-66501172.57445897,13936.78,13936.241329809052,-66515108.81578878,0.9999391070739339,4771.524943475214,False,False,500236-KANEL INDUSTRIES LIMITED
2018-03-26,2.196134661309988e-05,6.089292606613888e-05,1.1379484276738472,4738.8030706691525,14115.71,-1947.2400000000016,-66877454.18267526,14115.4,14114.850453114597,-66891569.03312837,0.9999391070739339,4737.8030706691525,False,False,500236-KANEL INDUSTRIES LIMITED
2018-03-27,2.180547964669496e-05,5.691465975353532e-05,1.129872029970577,4416.53997388941,14216.61,-1846.3400000000038,-62774009.74819593,14216.300000000001,14215.800866479001,-62788225.54906241,0.9999430853402465,4415.53997388941,False,False,500236-KANEL INDUSTRIES LIMITED
2018-03-28,2.194607919136485e-05,5.943460112001232e-05,1.137157331441723,4416.53997388941,14125.53,-1937.42,-62371842.367374085,14125.220000000001,14124.690454758842,-62385967.05782884,0.99994056539888,4415.53997388941,False,False,500236-KANEL INDUSTRIES LIMITED
2018-04-02,2.1685737290583983e-05,6.089292606613888e-05,1.123667463908987,1.1450639153955033,14295.11,-1767.8399999999983,-2073.7046276094134,14294.800000000001,14294.239528923663,-16367.944156533076,0.9999391070739339,0.14506391539550334,False,False,500236-KANEL INDUSTRIES LIMITED
2018-04-03,2.156098768798052e-05,5.691465975353532e-05,1.1172034425246666,1.1450639153955033,14377.82,-1685.1300000000028,-2085.7028640517747,14377.51,14377.001691266702,-16462.704555318476,0.9999430853402465,0.14506391539550334,False,False,500236-KANEL INDUSTRIES LIMITED
2018-04-04,2.1800955866426248e-05,5.943460112001232e-05,1.1296376259181016,1.1399370063323166,14219.56,-1843.3900000000012,-1989.842657762756,14219.25,14218.714866123297,-16208.557523886053,0.99994056539888,0.13993700633231665,False,False,500236-KANEL INDUSTRIES LIMITED
2018-04-05,2.0713754554436785e-05,6.433608669328513e-05,1.1090800124006346,1.1399370063323166,14483.13,-1579.8200000000033,-2026.7258545217646,14482.83,14482.19821209273,-16508.924066614494,0.9999356639133067,0.13993700633231665,False,False,500236-KANEL INDUSTRIES LIMITED
2018-04-06,2.065226744686344e-05,6.172013237120576e-05,1.1057877979519837,1.1450639153955033,14526.25,-1536.7000000000025,-2107.234701013931,14525.95,14525.353437927142,-16632.58813894107,0.9999382798676288,0.14506391539550334,False,False,500236-KANEL INDUSTRIES LIMITED
2018-04-09,2.0574621752724592e-05,7.181285993040796e-05,1.1016304016097584,1.1450639153955033,14581.07,-1481.880000000001,-2115.1871048559115,14580.77,14580.022891662455,-16695.209996518366,0.9999281871400696,0.14506391539550334,False,False,500236-KANEL INDUSTRIES LIMITED
2018-04-10,1.98582939534234e-05,6.428010159058074e-05,1.099940630548767,1.1450639153955033,14603.47,-1459.4800000000014,-2118.436536560772,14603.179999999998,14602.531287464824,-16720.967824025596,0.9999357198984095,0.14506391539550334,False,False,500236-KANEL INDUSTRIES LIMITED
2018-04-11,1.9156904627350314e-05,6.450623121138859e-05,1.0989871470853454,1.1450639153955033,14616.14,-1446.8099999999995,-2120.274496368831,14615.859999999999,14615.19716789374,-16735.47166426257,0.9999354937687887,0.14506391539550334,False,False,500236-KANEL INDUSTRIES LIMITED
2018-04-12,1.911654263671741e-05,6.450623121138859e-05,1.0966716733802144,1.1450639153955033,14647.0,-1415.9500000000007,-2124.7511687979386,14646.72,14646.055177231447,-16770.806346029385,0.9999354937687887,0.14506391539550334,False,False,500236-KANEL INDUSTRIES LIMITED
2018-04-13,1.9068088056430648e-05,6.450623121138859e-05,1.0938919465930097,1.1450639153955033,14684.22,-1378.730000000005,-2130.150447728958,14683.939999999999,14683.27277630952,-16813.42322403848,0.9999354937687887,0.14506391539550334,False,False,500236-KANEL INDUSTRIES LIMITED
2018-04-16,1.898155806051864e-05,9.499016158979643e-05,1.088927921600742,2.3799969830324477,14751.16,-1311.7900000000009,-20356.556296228922,14750.88,14749.758784927963,-35106.315081156885,0.9999050098384102,1.3799969830324477,False,False,500236-KANEL INDUSTRIES LIMITED
2018-04-17,1.8935679554200005e-05,6.966666858792652e-05,1.0862959781969177,1.1399370063323166,14786.9,-1276.050000000003,-2069.2345189353346,14786.619999999999,14785.869845938258,-16855.104364873594,0.9999303333314121,0.13993700633231665,False,False,500236-KANEL INDUSTRIES LIMITED
2018-04-18,1.896994550883153e-05,6.966666858792652e-05,1.088261736468162,1.1399370063323166,14760.19,-1302.7599999999984,-2065.496801496198,14759.91,14759.161706734976,-16824.658508231172,0.9999303333314121,0.13993700633231665,False,False,500236-KANEL INDUSTRIES LIMITED
2018-04-19,1.8207873219253145e-05,6.421726806217105e-05,1.0832302115822303,1.1399370063323166,14828.75,-1234.199999999997,-2075.09088265034,14828.48,14827.797738186224,-16902.888620836566,0.9999357827319378,0.13993700633231665,False,False,500236-KANEL INDUSTRIES LIMITED
2018-04-20,1.822129151164509e-05,5.691465975353532e-05,1.0840284980999242,1.1399370063323166,14817.83,-1245.119999999999,-2073.5627705411916,14817.56,14816.986648247264,-16890.549418788454,0.9999430853402465,0.13993700633231665,False,False,500236-KANEL INDUSTRIES LIMITED
2018-04-23,1.818080201577959e-05,6.421726806217105e-05,1.0816196805161733,1.1399370063323166,14850.83,-1212.1200000000026,-2078.180691750158,14850.56,14849.876320268944,-16928.057012019104,0.9999357827319378,0.13993700633231665,False,False,500236-KANEL INDUSTRIES LIMITED
2018-04-24,1.8149759717347742e-05,5.691465975353532e-05,1.0797728994510034,1.1399370063323166,14876.23,-1186.7200000000012,-2081.735091710998,14875.96,14875.383324431134,-16957.118416142133,0.9999430853402465,0.13993700633231665,False,False,500236-KANEL INDUSTRIES LIMITED
2018-04-25,1.7556902935311592e-05,5.943460112001232e-05,1.0846755923260127,1.1399370063323166,14808.99,-1253.9599999999991,-2072.325727405214,14808.73,14808.109833586359,-16880.435560991573,0.99994056539888,0.13993700633231665,False,False,500236-KANEL INDUSTRIES LIMITED
2018-04-26,1.748833830517823e-05,6.089292606613888e-05,1.0804396299198564,1.1450639153955033,14867.05,-1195.9000000000015,-2156.6724833807166,14866.789999999999,14866.144701823529,-17022.817185204243,0.9999391070739339,0.14506391539550334,False,False,500236-KANEL INDUSTRIES LIMITED
2018-04-27,1.737811093250275e-05,5.691465975353532e-05,1.0736297192432502,1.1399370063323166,14961.35,-1101.6000000000022,-2093.646529690004,14961.09,14960.498479855296,-17054.1450095453,0.9999430853402465,0.13993700633231665,False,False,500236-KANEL INDUSTRIES LIMITED
2018-04-30,1.7278353612139505e-05,7.181285993040796e-05,1.0674666544389089,1.1450639153955033,15047.73,-1015.220000000003,-2182.8826316143786,15047.47,15046.64937947324,-17229.53201108762,0.9999281871400696,0.14506391539550334,False,False,500236-KANEL INDUSTRIES LIMITED
2018-05-02,1.7374197445725683e-05,6.428010159058074e-05,1.0733879417723822,1.1450639153955033,14964.72,-1098.2300000000032,-2170.8408759973954,14964.46,14963.758066278126,-17134.598942275523,0.9999357198984095,0.14506391539550334,False,False,500236-KANEL INDUSTRIES LIMITED
2018-05-03,1.747768737929472e-05,6.421726806217105e-05,1.0797816095740085,1.1399370063323166,14876.11,-1186.8400000000038,-2081.71829927024,14875.85,14875.154696856409,-16956.87299612665,0.9999357827319378,0.13993700633231665,False,False,500236-KANEL INDUSTRIES LIMITED
2018-05-04,1.75630462698454e-05,6.421726806217105e-05,1.085055131077743,1.1399370063323166,14803.81,-1259.140000000003,-2071.6008537124126,14803.55,14802.859339764887,-16874.4601934773,0.9999357827319378,0.13993700633231665,False,False,500236-KANEL INDUSTRIES LIMITED
2018-05-07,1.74264136172677e-05,6.421726806217105e-05,1.0766138869749624,1.1399370063323166,14919.88,-1143.0700000000015,-2087.843342037404,14919.619999999999,14918.921886066584,-17006.76522810399,0.9999357827319378,0.13993700633231665,False,False,500236-KANEL INDUSTRIES LIMITED
2018-05-08,1.7420692298311935e-05,5.691465975353532e-05,1.0762604205891142,1.1399370063323166,14924.78,-1138.17,-2088.5290333684334,14924.52,14923.930561224404,-17012.459594592838,0.9999430853402465,0.13993700633231665,False,False,500236-KANEL INDUSTRIES LIMITED
2018-05-09,1.6750598331372397e-05,0.00012563479696843998,1.076256093867673,1828.5501212197178,14924.84,-1138.1100000000024,-27275893.151184894,14924.59,14922.964920756815,-27290816.11610565,0.9998743652030315,1827.5501212197178,False,False,500236-KANEL INDUSTRIES LIMITED
2018-05-10,1.685435678381119e-05,0.0001256645869649,1.0829227612020798,1828.5501212197178,14832.96,-1229.9900000000016,-27107977.846047223,14832.71,14831.096022208132,-27122808.94206943,0.999874335413035,1827.5501212197178,False,False,500236-KANEL INDUSTRIES LIMITED
2018-05-11,1.674692911560807e-05,0.00012660463352634,1.0760203401502266,1317.979791307354,14928.11,-1134.8400000000001,-19660019.192413226,14927.86,14926.22003210421,-19674945.41244533,0.9998733953664737,1316.979791307354,False,False,500236-KANEL INDUSTRIES LIMITED
2018-05-14,1.679850130490758e-05,0.00012536190127309998,1.079333946142661,1828.5501212197178,14882.28,-1180.67,-27198112.61802578,14882.03,14880.414329083922,-27212993.032354865,0.9998746380987269,1827.5501212197178,False,False,500236-KANEL INDUSTRIES LIMITED
2018-05-15,1.6832761131673263e-05,0.0001262402192604,1.0815352016800444,1317.979791307354,14851.99,-1210.9600000000028,-19559770.69069891,14851.74,14850.115081525946,-19574620.805780437,0.9998737597807396,1316.979791307354,False,False,500236-KANEL INDUSTRIES LIMITED
2018-05-16,1.6214671440085776e-05,0.0001268940578701,1.085231069202191,1828.5501212197178,14801.41,-1261.5400000000009,-27050318.639722742,14801.17,14799.531789022902,-27065118.171511766,0.9998731059421299,1827.5501212197178,False,False,500236-KANEL INDUSTRIES LIMITED
2018-05-17,1.557927820526715e-05,0.0001268940578701,1.0880398558578086,1828.5501212197178,14763.2,-1299.75,-26980487.94959094,14762.970000000001,14761.326637644854,-26995249.276228584,0.9998731059421299,1827.5501212197178,False,False,500236-KANEL INDUSTRIES LIMITED
2018-05-18,1.5749314733620884e-05,0.00012676404094651999,1.09991502217572,1607.2312066803186,14603.81,-1459.1399999999994,-23457095.358430102,14603.58,14601.958762031185,-23471697.317192134,0.9998732359590535,1606.2312066803186,False,False,500236-KANEL INDUSTRIES LIMITED
2018-05-21,1.591792441338988e-05,0.0001268940578701,1.1116905389393956,1841.799646995512,14449.12,-1613.83,-26597934.99539579,14448.890000000001,14447.28649253055,-26612382.28188832,0.9998731059421299,1840.799646995512,False,False,500236-KANEL INDUSTRIES LIMITED
2018-05-22,1.5165228612374689e-05,0.00012676404094651999,1.1072650406324729,1901.9657004334422,14506.87,-1556.0800000000017,-27577062.29064689,14506.650000000001,14505.031050537315,-27591567.321697425,0.9998732359590535,1900.9657004334422,False,False,500236-KANEL INDUSTRIES LIMITED
2018-05-23,1.5296983991010936e-05,0.00012654506700266,1.1168849499927689,1841.799646995512,14381.92,-1681.0300000000025,-26474233.259117693,14381.7,14380.100038969973,-26488613.359156664,0.9998734549329973,1840.799646995512,False,False,500236-KANEL INDUSTRIES LIMITED
2018-05-24,1.5217394311738008e-05,0.00012698415016164,1.1110738361806,1841.799646995512,14457.14,-1605.8100000000013,-26612698.208564695,14456.92,14455.304172363332,-26627153.512737058,0.9998730158498383,1840.799646995512,False,False,500236-KANEL INDUSTRIES LIMITED
2018-05-29,1.4971486124154451e-05,0.0001256645869649,1.0931192410817578,1901.9657004334417,14694.6,-1368.3499999999985,-27933930.58158925,14694.380000000001,14692.753409160387,-27948623.334998414,0.999874335413035,1900.9657004334417,False,False,500236-KANEL INDUSTRIES LIMITED
2018-05-30,1.4994281726196236e-05,0.0001268940578701,1.0947836256991084,1841.799646995512,14672.26,-1390.6900000000005,-27008691.028626367,14672.04,14670.398177390474,-27023361.426803757,0.9998731059421299,1840.799646995512,False,False,500236-KANEL INDUSTRIES LIMITED
2018-05-31,1.48994053105544e-05,0.00012677705571246,1.087856375150772,1901.9657004334417,14765.69,-1297.260000000002,-28069070.233233064,14765.470000000001,14763.818049296238,-28083834.05128236,0.9998732229442875,1900.9657004334417,False,False,500236-KANEL INDUSTRIES LIMITED
2018-06-01,1.4992953311943388e-05,0.00012654506700266,1.094686633645823,1841.799646995512,14673.56,-1389.3900000000012,-27011084.068167463,14673.34,14671.703133366633,-27025755.77130083,0.9998734549329973,1840.799646995512,False,False,500236-KANEL INDUSTRIES LIMITED
2018-06-04,1.5120482755776712e-05,0.00012676404094651999,1.1039979930995616,1901.9657004334417,14549.8,-1513.1500000000015,-27658670.748166487,14549.58,14547.955608557035,-27673218.703775045,0.9998732359590535,1900.9657004334417,False,False,500236-KANEL INDUSTRIES LIMITED
2018-06-05,1.523101644188225e-05,0.00012698415016164,1.1120684343415113,1841.799646995512,14444.21,-1618.7399999999998,-26588896.66912904,14443.99,14442.375814268393,-26603339.04494331,0.9998730158498383,1840.799646995512,False,False,500236-KANEL INDUSTRIES LIMITED
2018-06-06,1.5072984074022054e-05,0.00012677705571246,1.10052995241733,1901.9657004334422,14595.65,-1467.300000000003,-27745830.02553137,14595.43,14593.79960646679,-27760423.82513784,0.9998732229442875,1900.9657004334422,False,False,500236-KANEL INDUSTRIES LIMITED
2018-06-07,1.4922497971896866e-05,0.00012654506700266,1.0895424490803671,1841.799646995512,14742.84,-1320.1100000000006,-27138614.667711314,14742.62,14740.97436632439,-27153355.64207764,0.9998734549329973,1840.799646995512,False,False,500236-KANEL INDUSTRIES LIMITED
2018-06-08,1.489614677308835e-05,0.0001256645869649,1.0876184582217252,1828.5501212197178,14768.92,-1294.0300000000025,-26990941.536284313,14768.7,14767.064069768283,-27005708.60035408,0.999874335413035,1827.5501212197178,False,False,500236-KANEL INDUSTRIES LIMITED
2018-06-11,1.4871366063407448e-05,0.0001256645869649,1.0858091341282303,1901.9657004334417,14793.53,-1269.42,-28121993.118333135,14793.310000000001,14791.670977162797,-28136784.7893103,0.999874335413035,1900.9657004334417,False,False,500236-KANEL INDUSTRIES LIMITED
2018-06-12,1.479130808950086e-05,0.0001256645869649,1.0799638285283992,1909.0057545040509,14873.6,-1189.3499999999985,-28378914.39019145,14873.380000000001,14871.73091519932,-28393786.12110665,0.999874335413035,1908.0057545040509,False,False,500236-KANEL INDUSTRIES LIMITED
2018-06-13,1.4786874095144126e-05,0.00012557759886298,1.0796400874845242,1841.799646995512,14878.06,-1184.8900000000012,-27387527.595978048,14877.84,14876.19164894946,-27402403.787626997,0.999874422401137,1840.799646995512,False,False,500236-KANEL INDUSTRIES LIMITED
2018-06-14,1.4828904770795686e-05,0.0001256645869649,1.0827088904002389,1828.5501212197178,14835.89,-1227.0599999999995,-27113332.567902397,14835.67,14834.025654010893,-27128166.593556408,0.999874335413035,1827.5501212197178,False,False,500236-KANEL INDUSTRIES LIMITED
2018-06-15,1.4851418310448648e-05,0.00012698415016164,1.084352680681005,1909.0057545040509,14813.4,-1249.550000000001,-28264052.443770308,14813.18,14811.518932989995,-28278863.9627033,0.9998730158498383,1908.0057545040509,False,False,500236-KANEL INDUSTRIES LIMITED
2018-06-18,1.4887397141619747e-05,0.0001268940578701,1.0869796177999134,1841.799646995512,14777.6,-1285.3500000000004,-27202600.863440875,14777.380000000001,14775.724810370419,-27217376.588251244,0.9998731059421299,1840.799646995512,False,False,500236-KANEL INDUSTRIES LIMITED
2018-06-19,1.5018028460529209e-05,0.00012677705571246,1.0965174557275348,1901.9657004334422,14649.06,-1413.8900000000012,-27847360.60359152,14648.84,14647.202835304244,-27862007.806426823,0.9998732229442875,1900.9657004334422,False,False,500236-KANEL INDUSTRIES LIMITED
2018-06-20,1.4950710226693542e-05,0.0001268940578701,1.091602321981214,1841.799646995512,14715.02,-1347.9300000000057,-27087403.6215319,14714.800000000001,14713.152751400561,-27102116.7742833,0.9998731059421299,1840.799646995512,False,False,500236-KANEL INDUSTRIES LIMITED
2018-06-21,1.5012801825556702e-05,0.0001257496703144,1.0961358412901183,1901.9657004334422,14654.16,-1408.7900000000009,-27857055.528663732,14653.94,14652.317244211265,-27871707.845907945,0.9998742503296856,1900.9657004334422,False,False,500236-KANEL INDUSTRIES LIMITED
2018-06-22,1.4922062744560738e-05,0.0001268940578701,1.089510671648827,1841.799646995512,14743.27,-1319.680000000002,-27139406.211559523,14743.050000000001,14741.399166643427,-27154147.610726167,0.9998731059421299,1840.799646995512,False,False,500236-KANEL INDUSTRIES LIMITED
2018-06-25,1.5020961068399991e-05,0.00012536190127309998,1.0967315754257076,1909.0057545040509,14646.2,-1416.75,-27945033.881617233,14645.980000000001,14644.363924521575,-27959678.245541755,0.9998746380987269,1908.0057545040509,False,False,500236-KANEL INDUSTRIES LIMITED
2018-06-26,1.502632680758174e-05,0.0001272362198832,1.0971233463356596,1901.9657004334422,14640.97,-1421.9800000000014,-27831981.791075014,14640.75,14639.107138321777,-27846620.898213334,0.9998727637801168,1900.9657004334422,False,False,500236-KANEL INDUSTRIES LIMITED
2018-06-27,1.5194461480658832e-05,0.0001268940578701,1.1093994320034035,1841.799646995512,14478.96,-1583.9899999999998,-26652864.456862133,14478.74,14477.12270601186,-26667341.579568144,0.9998731059421299,1840.799646995512,False,False,500236-KANEL INDUSTRIES LIMITED
2018-06-28,1.5344472955715154e-05,0.00012698415016164,1.1203522812000215,1841.799646995512,14337.41,-1725.5400000000009,-26392299.266829923,14337.19,14335.58937617563,-26406634.856206097,0.9998730158498383,1840.799646995512,False,False,500236-KANEL INDUSTRIES LIMITED
2018-06-29,1.5142608961395985e-05,0.00012688231807167998,1.105613502802071,1901.9657004334422,14528.54,-1534.4100000000017,-27618256.217375286,14528.320000000002,14526.696585166605,-27632782.913960453,0.9998731176819283,1900.9657004334422,False,False,500236-KANEL INDUSTRIES LIMITED
2018-07-02,1.5224671164403612e-05,0.00012654506700266,1.1116051440011685,4743.725797300234,14450.23,-1612.7200000000048,-68533478.59792176,14450.01,14448.401394676446,-68547926.99931644,0.9998734549329973,4742.725797300234,False,False,500236-KANEL INDUSTRIES LIMITED
2018-07-05,1.5123798603248454e-05,0.00012643388211476,1.1042400944274988,5274.846575004814,14546.61,-1516.3399999999983,-76716589.32643078,14546.390000000001,14544.77081562609,-76731134.09724641,0.9998735661178852,5273.846575004814,False,False,500236-KANEL INDUSTRIES LIMITED
2018-07-06,1.50811571909014e-05,0.0001268940578701,1.101126699543589,4743.725797300234,14587.74,-1475.2099999999973,-69185650.82230853,14587.52,14585.888902476247,-69200236.711211,0.9998731059421299,4742.725797300234,False,False,500236-KANEL INDUSTRIES LIMITED
2018-07-09,1.4946149701994155e-05,0.0001257496703144,1.0912693425256683,5274.846575004814,14719.51,-1343.4400000000005,-77628437.3992491,14719.29,14717.65902647031,-77643155.05827558,0.9998742503296856,5273.846575004814,False,False,500236-KANEL INDUSTRIES LIMITED
2018-07-10,1.4817159617851984e-05,0.00012586969670118,1.0818513367435252,4885.1735947346315,14847.65,-1215.300000000001,-72518500.07386164,14847.43,14845.781130797774,-72533345.85499243,0.9998741303032989,4884.1735947346315,False,False,500236-KANEL INDUSTRIES LIMITED
2018-07-11,1.4844353579007384e-05,0.0001256645869649,1.0838368605541666,4743.725797300234,14820.45,-1242.4999999999982,-70289330.54259826,14820.230000000001,14818.587594272116,-70304149.13019253,0.999874335413035,4742.725797300234,False,False,500236-KANEL INDUSTRIES LIMITED
2018-07-12,1.478283014595357e-05,0.0001262402192604,1.0793448249679314,5274.846575004814,14882.13,-1180.8199999999997,-78486070.3292764,14881.91,14880.251276645737,-78500950.58055304,0.9998737597807396,5273.846575004814,False,False,500236-KANEL INDUSTRIES LIMITED
2018-07-13,1.4838216230580485e-05,0.00012566404512804,1.08338875182274,5274.846575004814,14826.58,-1236.3700000000008,-78193108.15203488,14826.36,14824.716831981785,-78207932.86886686,0.999874335954872,5273.846575004814,False,False,500236-KANEL INDUSTRIES LIMITED
2018-07-16,1.5017710659229713e-05,0.00012691290263096001,1.096494251971245,5274.846575004814,14649.37,-1413.579999999998,-77258529.80047828,14649.150000000001,14647.510805931586,-77273177.31128421,0.999873087097369,5273.846575004814,False,False,500236-KANEL INDUSTRIES LIMITED
2018-07-17,1.4878204985145466e-05,0.00012660463352634,1.086308467118829,5274.846575004814,14786.73,-1276.220000000003,-77982945.36602093,14786.51,14784.857931467297,-77997730.2239524,0.9998733953664737,5273.846575004814,False,False,500236-KANEL INDUSTRIES LIMITED
2018-07-18,1.496010412232469e-05,0.00012640913876936,1.0922882023258882,5274.846575004814,14705.78,-1357.17,-77556027.48577431,14705.560000000001,14703.92105501527,-77570731.40682933,0.9998735908612306,5273.846575004814,False,False,500236-KANEL INDUSTRIES LIMITED
2018-07-19,1.5009247743325491e-05,0.000127055109723,1.0958763456302285,4885.1735947346315,14657.63,-1405.320000000007,-71590409.40739018,14657.41,14655.76767321207,-71605065.17506339,0.999872944890277,4884.1735947346315,False,False,500236-KANEL INDUSTRIES LIMITED
2018-07-20,1.4930103363820152e-05,0.000127055109723,1.0900977446721587,4885.1735947346315,14735.33,-1327.6200000000008,-71969909.69570106,14735.11,14733.457801030045,-71984643.15350209,0.999872944890277,4884.1735947346315,False,False,500236-KANEL INDUSTRIES LIMITED
2018-07-23,1.480960901285878e-05,0.00012564242482013998,1.0813000413322724,4743.725797300234,14855.22,-1207.7299999999996,-70454235.11857039,14855.0,14853.353554137962,-70469088.47212453,0.9998743575751798,4742.725797300234,False,False,500236-KANEL INDUSTRIES LIMITED
2018-07-24,1.4672075771934587e-05,0.0001256566344325,1.071258270549076,5274.846575004814,14994.47,-1068.480000000005,-79078534.25351244,14994.25,14992.5858453647,-79093526.83935781,0.9998743433655675,5273.846575004814,False,False,500236-KANEL INDUSTRIES LIMITED
2018-07-25,1.467039294647507e-05,0.00012557759886298,1.0711354017253716,4743.725797300234,14996.19,-1066.7600000000002,-71122817.17421581,14995.970000000001,14994.306814467707,-71137811.48103027,0.999874422401137,4742.725797300234,False,False,500236-KANEL INDUSTRIES LIMITED
2018-07-26,1.4608330732607787e-05,0.0001256645869649,1.066604027915192,5274.846575004814,15059.9,-1003.0500000000011,-79423602.034915,15059.68,15058.007503886767,-79438660.04241888,0.999874335413035,5273.846575004814,False,False,500236-KANEL INDUSTRIES LIMITED
2018-07-27,1.447291295661218e-05,0.0001256645869649,1.056716714438244,5274.846575004814,15200.81,-862.1400000000049,-80166739.75579892,15200.59,15198.899796489817,-80181938.6555954,0.999874335413035,5273.846575004814,False,False,500236-KANEL INDUSTRIES LIMITED
2018-07-30,1.4412667424423576e-05,0.0001256645869649,1.0523179827506577,5274.846575004814,15264.35,-798.6000000000022,-80501839.96717475,15264.130000000001,15262.431811761962,-80517102.39898652,0.999874335413035,5273.846575004814,False,False,500236-KANEL INDUSTRIES LIMITED
2018-07-31,1.4365179848786892e-05,0.00012563479696843998,1.048850752963961,4743.725797300234,15314.81,-748.1399999999994,-72633944.46775159,15314.59,15312.88592695504,-72649257.35367855,0.9998743652030315,4742.725797300234,False,False,500236-KANEL INDUSTRIES LIMITED
2018-08-01,1.4367140521083129e-05,0.0001201442513865945,1.0489939083324191,5274.846575004814,15312.72,-750.2300000000014,-80756935.92600772,15312.5,15310.880264718908,-80772246.80627243,0.9998798557486134,5273.846575004814,False,False,500236-KANEL INDUSTRIES LIMITED
2018-08-02,1.4454835865338747e-05,0.0001262402192604,1.0553968443779231,5274.846575004814,15219.82,-843.1300000000028,-80266995.57918978,15219.6,15217.898646586096,-80282213.47783637,0.9998737597807396,5273.846575004814,False,False,500236-KANEL INDUSTRIES LIMITED
2018-08-03,1.432185371658614e-05,0.0001262402192604,1.0456873643492606,5274.846575004814,15361.14,-701.8100000000013,-81012295.57716945,15360.92,15359.20080631831,-81027654.77797577,0.9998737597807396,5273.846575004814,False,False,500236-KANEL INDUSTRIES LIMITED
2018-08-06,1.4281828515488318e-05,0.00012633857385244,1.0427649879675596,4743.725797300234,15404.19,-658.760000000002,-73057849.2995143,15403.970000000001,15402.24385660405,-73073251.5433709,0.9998736614261475,4742.725797300234,False,False,500236-KANEL INDUSTRIES LIMITED
2018-08-07,1.4294002951061884e-05,0.00012608215060453998,1.043653885012543,5274.846575004814,15391.07,-671.8799999999992,-81170141.80515936,15390.85,15389.129460794295,-81185530.93462016,0.9998739178493955,5273.846575004814,False,False,500236-KANEL INDUSTRIES LIMITED
2018-08-08,1.4239159630687978e-05,0.0001262402192604,1.0396495872261793,5274.846575004814,15450.35,-612.5999999999985,-81482775.43012564,15450.130000000001,15448.39954442835,-81498223.82967007,0.9998737597807396,5273.846575004814,False,False,500236-KANEL INDUSTRIES LIMITED
2018-08-09,1.419337440379763e-05,0.00012633857385244,1.0363066517249144,4885.1735947346315,15500.19,-562.760000000002,-75705618.7113698,15499.970000000001,15498.231728100958,-75721116.9430979,0.9998736614261475,4884.1735947346315,False,False,500236-KANEL INDUSTRIES LIMITED
2018-08-10,1.4264206825811991e-05,0.0001256645869649,1.0414783683303488,4743.725797300234,15423.22,-639.7300000000014,-73148103.37143692,15423.0,15421.28184742903,-73163524.65328436,0.999874335413035,4742.725797300234,False,False,500236-KANEL INDUSTRIES LIMITED
2018-08-13,1.4357464315175057e-05,0.00012660463352634,1.0482874155520054,5274.846575004814,15323.04,-739.9100000000017,-80811362.02266178,15322.820000000002,15321.100032136292,-80826683.12269391,0.9998733953664737,5273.846575004814,False,False,500236-KANEL INDUSTRIES LIMITED
2018-08-14,1.4262394344830983e-05,0.0001262402192604,1.041346032915013,5274.846575004814,15425.18,-637.7700000000004,-81350032.71183276,15424.960000000001,15423.232721894668,-81365455.94455466,0.9998737597807396,5273.846575004814,False,False,500236-KANEL INDUSTRIES LIMITED
2018-08-16,1.432221733964813e-05,0.00012596889287029998,1.0457139137086406,4743.725797300234,15360.75,-702.2000000000025,-72851825.29087958,15360.53,15358.815023328843,-72867184.10590291,0.9998740311071297,4742.725797300234,False,False,500236-KANEL INDUSTRIES LIMITED
2018-08-17,1.4197936007320974e-05,0.0001262402192604,1.0366397099490747,5106.721065924195,15495.21,-567.7400000000016,-79114220.11791924,15494.99,15493.253881292114,-79129713.37180053,0.9998737597807396,5105.721065924195,False,False,500236-KANEL INDUSTRIES LIMITED
2018-08-20,1.4097232456955383e-05,0.00012633857385244,1.0292870004293249,4743.725797300234,15605.9,-457.0500000000011,-74014504.52008772,15605.68,15603.928372850316,-74030108.44846056,0.9998736614261475,4742.725797300234,False,False,500236-KANEL INDUSTRIES LIMITED
2018-08-21,1.4066783975119696e-05,0.00012608215060453998,1.0270638529688587,4738.8030706691525,15639.68,-423.27000000000044,-74097723.92828293,15639.460000000001,15637.708115510834,-74113361.63639845,0.9998739178493955,4737.8030706691525,False,False,500236-KANEL INDUSTRIES LIMITED
2018-08-23,1.4045150050083727e-05,0.0001256645869649,1.0254842863499656,4738.8030706691525,15663.77,-399.1800000000003,-74211857.60425536,15663.550000000001,15661.801618812637,-74227519.40587418,0.999874335413035,4737.8030706691525,False,False,500236-KANEL INDUSTRIES LIMITED
2018-08-24,1.4076207306703285e-05,0.00012563479696843998,1.0277518825327705,4738.8030706691525,15629.21,-433.7400000000016,-74048119.13013303,15628.99,15627.246427374872,-74063746.3765604,0.9998743652030315,4737.8030706691525,False,False,500236-KANEL INDUSTRIES LIMITED
2018-08-27,1.3927215107736505e-05,0.00012707681246301999,1.016873454158255,4738.8030706691525,15796.41,-266.53999999999905,-74840279.80354892,15796.19,15794.40264256884,-74856074.20619148,0.999872923187537,4737.8030706691525,False,False,500236-KANEL INDUSTRIES LIMITED
2018-08-28,1.3889906078980532e-05,0.00012537194728983998,1.0141493947789106,4738.8030706691525,15838.84,-224.11000000000058,-75041304.7878374,15838.62,15836.854253786389,-75057141.64209118,0.9998746280527102,4737.8030706691525,False,False,500236-KANEL INDUSTRIES LIMITED
2018-08-29,1.3909542451923564e-05,9.499016158979643e-05,1.015583113309662,2.3799969830324477,15816.48,-246.47000000000298,-21826.69468219305,15816.26,15814.977590009017,-37641.672272202064,0.9999050098384102,1.3799969830324477,False,False,500236-KANEL INDUSTRIES LIMITED
2018-08-30,1.390675520634148e-05,0.00012698415016164,1.0153796070077403,4743.725797300234,15819.65,-243.29999999999927,-75028262.15926065,15819.43,15817.641155188896,-75044079.80041583,0.9998730158498383,4742.725797300234,False,False,500236-KANEL INDUSTRIES LIMITED
2018-09-04,1.414913834963164e-05,0.00012698415016164,1.0330768266055252,4743.725797300234,15548.65,-514.2999999999993,-73742983.46819228,15548.43,15546.67556789359,-73758530.14376017,0.9998730158498383,4742.725797300234,False,False,500236-KANEL INDUSTRIES LIMITED
2018-09-05,1.4206517562807335e-05,0.0001268940578701,1.037266278570437,4743.725797300234,15485.85,-577.1000000000004,-73445140.28812183,15485.630000000001,15483.884937653933,-73460624.1730595,0.9998731059421299,4742.725797300234,False,False,500236-KANEL INDUSTRIES LIMITED
2018-09-06,1.413598301625895e-05,0.00012660463352634,1.0321163108682578,4738.8030706691525,15563.12,-499.83000000000175,-73734997.7251925,15562.900000000001,15561.149636895874,-73750558.8748294,0.9998733953664737,4737.8030706691525,False,False,500236-KANEL INDUSTRIES LIMITED
2018-09-07,1.404855820285735e-05,0.00012633857385244,1.0257331272026704,4743.725797300234,15659.97,-402.9800000000032,-74270943.70394775,15659.75,15657.991541723628,-74286601.69548948,0.9998736614261475,4742.725797300234,False,False,500236-KANEL INDUSTRIES LIMITED
2018-09-10,1.4237887925818017e-05,0.0001256566344325,1.039556735718266,4738.8030706691525,15451.73,-611.220000000003,-73207253.84115066,15451.51,15449.78838761204,-73222703.62953827,0.9998743433655675,4737.8030706691525,False,False,500236-KANEL INDUSTRIES LIMITED
2018-09-11,1.4441011422183626e-05,0.00012660463352634,1.054387474654384,5274.846575004814,15234.39,-828.5600000000013,-80343835.52378759,15234.17,15232.461255637052,-80359067.98504323,0.9998733953664737,5273.846575004814,False,False,500236-KANEL INDUSTRIES LIMITED
2018-09-12,1.4354831869031731e-05,0.00012698415016164,1.0480952116848332,4885.1735947346315,15325.85,-737.1000000000004,-74854111.88686375,15325.630000000001,15323.903859962245,-74869435.79072371,0.9998730158498383,4884.1735947346315,False,False,500236-KANEL INDUSTRIES LIMITED
2018-09-14,1.4167553212041904e-05,0.00012564875235888,1.0344213584880388,4743.725797300234,15528.44,-534.510000000002,-73647132.97982885,15528.220000000001,15526.48887088792,-73662659.46869974,0.9998743512476411,4742.725797300234,False,False,500236-KANEL INDUSTRIES LIMITED
2018-09-17,1.4307370441883135e-05,0.0001256566344325,1.0446298910883942,5106.721065924194,15376.69,-686.2600000000002,-78509090.05718589,15376.470000000001,15374.757816885889,-78524464.81500277,0.9998743433655675,5105.721065924194,False,False,500236-KANEL INDUSTRIES LIMITED
2018-09-18,1.4456564594559076e-05,0.0001262402192604,1.055523064791694,5106.721065924195,15218.0,-844.9499999999989,-77698863.18123439,15217.78,15216.078876343296,-77714079.26011074,0.9998737597807396,5105.721065924195,False,False,500236-KANEL INDUSTRIES LIMITED
2018-09-19,1.4531965038734292e-05,0.0001268940578701,1.0610283082678955,1929.198412184555,15139.04,-923.9100000000017,-29191072.88999847,15138.820000000002,15137.118945782144,-29206210.00894425,0.9998731059421299,1928.198412184555,False,False,500236-KANEL INDUSTRIES LIMITED
2018-09-21,1.4720258220093289e-05,0.00012677705571246,1.0747762353474886,2510.5954275760882,14945.39,-1117.5600000000013,-37506882.40734139,14945.17,14943.495267459324,-37521825.90260885,0.9998732229442875,2509.5954275760882,False,False,500236-KANEL INDUSTRIES LIMITED
2018-09-24,1.501246375684176e-05,0.00012777631629176,1.0961111577407334,5274.846575004814,14654.49,-1408.460000000001,-77285531.89494231,14654.27,14652.617503250665,-77300184.51244557,0.9998722236837082,5273.846575004814,False,False,500236-KANEL INDUSTRIES LIMITED
2018-09-25,1.4913747695995456e-05,0.0001268940578701,1.0889035616063192,4743.725797300234,14751.49,-1311.460000000001,-69962272.17161644,14751.27,14749.61812357427,-69977021.78974001,0.9998731059421299,4742.725797300234,False,False,500236-KANEL INDUSTRIES LIMITED
2018-09-26,1.491931026672336e-05,0.00012640913876936,1.0893097038584727,5274.846575004814,14745.99,-1316.9599999999991,-77768088.85655525,14745.77,14744.125972103799,-77782832.98252736,0.9998735908612306,5273.846575004814,False,False,500236-KANEL INDUSTRIES LIMITED
2018-09-27,1.507796335095399e-05,0.0001268940578701,1.1008935064009382,1929.198412184555,14590.83,-1472.1200000000008,-28134015.238454774,14590.61,14588.978510373607,-28148604.216965146,0.9998731059421299,1928.198412184555,False,False,500236-KANEL INDUSTRIES LIMITED
2018-09-28,1.522924513477536e-05,0.00012677705571246,1.1119391051710903,5274.846575004814,14445.89,-1617.0600000000013,-76185407.4993963,14445.67,14444.058592598652,-76199851.5579889,0.9998732229442875,5273.846575004814,False,False,500236-KANEL INDUSTRIES LIMITED
2018-10-01,1.5137389006815266e-05,0.00012787772064874,1.105232376122833,3326.411433963557,14533.55,-1529.4000000000015,-48330033.346081056,14533.33,14531.691482753065,-48344565.03756381,0.9998721222793513,3325.411433963557,False,False,500236-KANEL INDUSTRIES LIMITED
2018-10-03,1.5314543316837714e-05,0.00012640913876936,1.1181670162327195,1121.3406335281184,14365.43,-1697.5199999999968,-16094174.947103838,14365.210000000001,14363.614078365648,-16108538.561182203,0.9998735908612306,1120.3406335281184,False,False,500236-KANEL INDUSTRIES LIMITED
2018-10-04,1.5661316903188144e-05,0.00012691290263096001,1.1434861379548455,4322.55839765426,14047.35,-2015.6000000000004,-60706443.35728858,14047.130000000001,14045.567210037227,-60720488.92449861,0.999873087097369,4321.55839765426,False,False,500236-KANEL INDUSTRIES LIMITED
2018-10-09,1.619390284836029e-05,0.00012780639625172,1.182372053445768,1187.8769530076338,13585.36,-2477.5899999999983,-16124150.68231179,13585.140000000001,13583.623704096619,-16137734.306015886,0.9998721936037482,1186.8769530076338,False,False,500236-KANEL INDUSTRIES LIMITED
2018-10-10,1.5847460984631563e-05,0.00012780639625172,1.157077151923125,1121.3406335281181,13882.35,-2180.5999999999967,-15552960.793859072,13882.130000000001,13880.575746874996,-15566841.369605947,0.9998721936037482,1120.3406335281181,False,False,500236-KANEL INDUSTRIES LIMITED
2018-10-11,1.618025391231185e-05,0.00012655416688442,1.1813754980944071,1155.813625258198,13596.82,-2466.1299999999974,-15701792.996183172,13596.6,13595.099265772622,-15715388.095448945,0.9998734458331155,1154.813625258198,False,False,500236-KANEL INDUSTRIES LIMITED
2018-10-12,1.5820395366062376e-05,0.0001268940578701,1.1551009988422347,1093.001880485738,13906.1,-2156.8500000000004,-15185487.350222722,13905.880000000001,13904.335398541853,-15199391.685621263,0.9998731059421299,1092.001880485738,False,False,500236-KANEL INDUSTRIES LIMITED
2018-10-15,1.5738511780633762e-05,0.00012655416688442,1.149122399121505,4861.093003280576,13978.45,-2084.5,-67936567.04170737,13978.230000000001,13976.680968905916,-67950543.72267628,0.9998734458331155,4860.093003280576,False,False,500236-KANEL INDUSTRIES LIMITED
2018-10-16,1.5589977911835842e-05,0.00012647565279971999,1.138277434995107,5239.045653308038,14111.63,-1951.3200000000015,-73917362.1825913,14111.41,14109.845222383681,-73931472.02781369,0.9998735243472002,5238.045653308038,False,False,500236-KANEL INDUSTRIES LIMITED
2018-10-17,1.5841857933098394e-05,0.0001256645869649,1.1566680540293766,1237.1954024811625,13887.26,-2175.6900000000005,-17167366.965060547,13887.04,13885.514863208025,-17181252.479923755,0.999874335413035,1236.1954024811625,False,False,500236-KANEL INDUSTRIES LIMITED
2018-10-19,1.6052840112253132e-05,0.00012691290263096001,1.1720725821868931,1168.8582836801763,13704.74,-2358.2100000000028,-16005194.13468306,13704.52,13703.000691666797,-16018897.135374727,0.999873087097369,1167.8582836801763,False,False,500236-KANEL INDUSTRIES LIMITED
2018-10-22,1.617306948685791e-05,0.00012698415016164,1.1808509386996555,1112.292582337669,13602.86,-2460.0899999999965,-15116757.416577786,13602.640000000001,13601.132652383132,-15130358.54923017,0.9998730158498383,1111.292582337669,False,False,500236-KANEL INDUSTRIES LIMITED
2018-10-23,1.633198470732341e-05,0.00012698415016164,1.192453880702275,1171.6746137842351,13470.5,-2592.449999999997,-15769572.384980539,13470.28,13468.789460005248,-15783041.174440544,0.9998730158498383,1170.6746137842351,False,False,500236-KANEL INDUSTRIES LIMITED
2018-10-24,1.6202203499675957e-05,0.000127055109723,1.1829781122959997,1112.292582337669,13578.4,-2484.550000000003,-15089575.200013805,13578.18,13576.674794898137,-15103151.874808703,0.999872944890277,1111.292582337669,False,False,500236-KANEL INDUSTRIES LIMITED
2018-10-25,1.636470074541212e-05,0.00012640913876935998,1.19484259017508,5058.678628483562,13443.57,-2619.380000000001,-67993256.67952277,13443.35,13441.870609894315,-68006698.55013266,0.9998735908612306,5057.678628483562,False,False,500236-KANEL INDUSTRIES LIMITED
2018-10-26,1.647627827834875e-05,0.00012689405787010002,1.2029892462327365,1171.6746137842351,13352.53,-2710.420000000002,-15631467.900792414,13352.310000000001,13350.835643285469,-15644818.7364357,0.9998731059421299,1170.6746137842351,False,False,500236-KANEL INDUSTRIES LIMITED
2018-10-29,1.6110264508574687e-05,0.00012691290263096001,1.1762653331273174,5058.678628483562,13655.89,-2407.060000000003,-69067103.00592238,13655.67,13654.15689136209,-69080757.16281374,0.999873087097369,5057.678628483562,False,False,500236-KANEL INDUSTRIES LIMITED
2018-10-30,1.612064101530728e-05,0.00012655416688442,1.1770229572583186,1112.292582337669,13647.1,-2415.8500000000004,-15165921.000420405,13646.880000000001,13645.372902629111,-15179566.373323034,0.9998734458331155,1111.292582337669,False,False,500236-KANEL INDUSTRIES LIMITED
2018-10-31,1.5848191613281074e-05,0.00012691290263096001,1.1571304976116057,1168.8582836801763,13881.71,-2181.2400000000034,-16211870.015145939,13881.49,13879.948231890417,-16225749.96337783,0.999873087097369,1167.8582836801763,False,False,500236-KANEL INDUSTRIES LIMITED
2018-11-01,1.5809424572876057e-05,0.00012655416688442,1.1542999838312704,1112.292582337669,13915.75,-2147.2000000000007,-15464469.752665417,13915.53,13913.988903852178,-15478383.74156927,0.9998734458331155,1111.292582337669,False,False,500236-KANEL INDUSTRIES LIMITED
2018-11-02,1.558872963190758e-05,0.00012647565279971999,1.1381862938220448,1121.3406335281181,14112.76,-1950.1900000000023,-15811098.479230285,14112.54,14110.975079466194,-15825209.45430975,0.9998735243472002,1120.3406335281181,False,False,500236-KANEL INDUSTRIES LIMITED
2018-11-05,1.5623257917973636e-05,0.00012557759886298,1.1407073216977937,1168.4575732026008,14081.57,-1981.380000000001,-16439635.539082546,14081.35,14079.80167025118,-16453715.340752797,0.999874422401137,1167.4575732026008,False,False,500236-KANEL INDUSTRIES LIMITED
2018-11-06,1.564413295237499e-05,0.0001268940578701,1.1422314791243269,4919.935819243621,14062.78,-2000.170000000002,-69173912.26014282,14062.560000000001,14060.995516780866,-69187973.2556596,0.9998731059421299,4918.935819243621,False,False,500236-KANEL INDUSTRIES LIMITED
2018-11-07,1.552539707967281e-05,0.00012691290263096001,1.133562168276956,4370.68717184427,14170.33,-1892.619999999999,-61919909.221800014,14170.11,14168.531602288462,-61934077.7534023,0.999873087097369,4369.68717184427,False,False,500236-KANEL INDUSTRIES LIMITED
2018-11-13,1.555191263783766e-05,0.00012698415016164,1.1354981595725204,4652.403000351636,14146.17,-1916.7800000000007,-65799537.5814843,14145.95,14144.373660624507,-65813681.95514493,0.9998730158498383,4651.403000351636,False,False,500236-KANEL INDUSTRIES LIMITED
2018-11-14,1.555479352779182e-05,0.00012656745126829997,1.1357085031692893,1121.3406335281181,14143.55,-1919.4000000000015,-15845593.767336614,14143.33,14141.759886924614,-15859735.527223539,0.9998734325487317,1120.3406335281181,False,False,500236-KANEL INDUSTRIES LIMITED
2018-11-15,1.5500478753423316e-05,0.00012787772064874,1.131742796328641,4919.935819243621,14193.11,-1869.8399999999983,-69814997.16546483,14192.890000000001,14191.295017444283,-69829188.46048228,0.9998721222793513,4918.935819243621,False,False,500236-KANEL INDUSTRIES LIMITED
2018-11-16,1.5438964859512437e-05,0.00012654506700266,1.1272514572277514,4652.403000351636,14249.66,-1813.2900000000009,-66280911.2779907,14249.44,14247.856775820535,-66295159.13476652,0.9998734549329973,4651.403000351636,False,False,500236-KANEL INDUSTRIES LIMITED
2018-11-19,1.5335220959622362e-05,0.00012586969670118,1.1260840955635207,1093.001880485738,14346.06,-1808.8100000000031,-15665924.497561226,14345.84,14344.254265778942,-15680268.751827005,0.9998741303032989,1092.001880485738,False,False,500236-KANEL INDUSTRIES LIMITED
2018-11-20,1.548390729362415e-05,0.0001256645869649,1.1370023155479545,1121.3406335281181,14208.3,-1946.5700000000015,-15918135.82335756,14208.08,14206.514519849026,-15932342.33787741,0.999874335413035,1120.3406335281181,False,False,500236-KANEL INDUSTRIES LIMITED
2018-11-26,1.5516418133614696e-05,0.00012698415016164,1.1690273956467985,1093.001880485738,14178.53,-2396.560000000003,-15482981.422523452,14178.310000000001,14176.72955141741,-15497158.15207487,0.9998730158498383,1092.001880485738,False,False,500236-KANEL INDUSTRIES LIMITED
2018-11-27,1.545222698197638e-05,0.00012640913876936,1.1731527389423513,1100.0070251966172,14237.43,-2465.25,-15647035.590745075,14237.210000000001,14235.630258735411,-15661271.22100381,0.9998735908612306,1099.0070251966172,False,False,500236-KANEL INDUSTRIES LIMITED
2018-11-28,1.5437924806078612e-05,0.0001256645869649,1.1792041328728151,1093.0018804857377,14250.62,-2553.769999999995,-15561703.838087665,14250.400000000001,14248.829201723707,-15575952.66728939,0.999874335413035,1092.0018804857377,False,False,500236-KANEL INDUSTRIES LIMITED
2018-11-29,1.5281672481806127e-05,0.0001256645869649,1.1672690192569912,1079.1627064067113,14396.33,-2408.0599999999995,-15521586.11512413,14396.11,14394.520891136739,-15535980.636015268,0.999874335413035,1078.1627064067113,False,False,500236-KANEL INDUSTRIES LIMITED
2018-11-30,1.5247071869152402e-05,0.00012609010313694,1.164626100214845,4370.68717184427,14429.0,-2375.3899999999994,-63050216.20254097,14428.78,14427.180645901837,-63064643.38318688,0.9998739098968631,4369.68717184427,False,False,500236-KANEL INDUSTRIES LIMITED
2018-12-03,1.5204101237199183e-05,0.0001256645869649,1.161343849042625,4325.616018082133,14469.78,-2334.609999999995,-62576242.366124496,14469.560000000001,14467.961661072828,-62590710.32778557,0.999874335413035,4324.616018082133,False,False,500236-KANEL INDUSTRIES LIMITED
2018-12-06,1.5624212131348493e-05,0.0001268940578701,1.2092003883326907,4652.403000351636,14080.71,-2945.6900000000023,-65495056.74108128,14080.49,14078.923241570406,-65509135.66432285,0.9998731059421299,4651.403000351636,False,False,500236-KANEL INDUSTRIES LIMITED
2018-12-07,1.5525123177738667e-05,0.00012698415016164,1.2015316239702258,1079.1627064067113,14170.58,-2855.8200000000015,-15278190.884152815,14170.36,14168.780560941403,-15292359.664713755,0.9998730158498383,1078.1627064067113,False,False,500236-KANEL INDUSTRIES LIMITED
2018-12-10,1.5822579972353636e-05,0.00012656745126829997,1.2245526165512817,4652.403000351636,13904.18,-3122.220000000001,-64673944.56942922,13903.960000000001,13902.420183375425,-64687846.989612594,0.9998734325487317,4651.403000351636,False,False,500236-KANEL INDUSTRIES LIMITED
2018-12-11,1.5677086228249824e-05,0.0001268940578701,1.2132924588939675,1108.862869011775,14033.22,-2993.180000000002,-15546883.37067342,14033.0,14031.439267769216,-15560914.80994119,0.9998731059421299,1107.862869011775,False,False,500236-KANEL INDUSTRIES LIMITED
2018-12-12,1.5377152626627356e-05,0.00012654506700266,1.1900797794636728,1079.1627064067115,14306.94,-2719.460000000001,-15425209.150798438,14306.720000000001,14305.129527319097,-15439514.280325757,0.9998734549329973,1078.1627064067115,False,False,500236-KANEL INDUSTRIES LIMITED
2018-12-13,1.5287502327869674e-05,0.0001256645869649,1.183141498342001,1079.1627064067115,14390.84,-2635.5600000000013,-15515667.00186596,14390.62,14389.031581035322,-15530056.033446996,0.999874335413035,1078.1627064067115,False,False,500236-KANEL INDUSTRIES LIMITED
2018-12-14,1.5265025121374294e-05,0.0001256645869649,1.1814019260298514,4652.403000351636,14412.03,-2614.370000000001,-67036159.58315779,14411.810000000001,14410.218918202725,-67050569.802076,0.999874335413035,4651.403000351636,False,False,500236-KANEL INDUSTRIES LIMITED
2018-12-17,1.5155752917137988e-05,0.0001256645869649,1.172945052128901,1.3211385474709083,14515.94,-2510.460000000001,-4661.627886774857,14515.720000000001,14514.115860395494,-19175.743747170352,0.999874335413035,0.3211385474709083,False,False,500236-KANEL INDUSTRIES LIMITED
2018-12-18,1.5117054098439508e-05,0.0001256645869649,1.2100342882272506,1.3211385474709083,14553.1,-3056.6499999999996,-4673.561395198876,14552.880000000001,14551.271190699441,-19224.832585898315,0.999874335413035,0.3211385474709083,False,False,500236-KANEL INDUSTRIES LIMITED
2018-12-19,1.5005715813568988e-05,0.0001256645869649,1.2011222911272568,1.3190607866366701,14661.08,-2948.67,-4677.77571774315,14660.86,14659.23762143734,-19337.013339180492,0.999874335413035,0.31906078663667015,False,False,500236-KANEL INDUSTRIES LIMITED
2018-12-20,1.5024530961460714e-05,0.0001256645869649,1.2077872143973252,1.297964749277784,14642.72,-3042.5700000000015,-4363.01439354479,14642.5,14640.879928639157,-19003.894322183947,0.999874335413035,0.29796474927778394,False,False,500236-KANEL INDUSTRIES LIMITED
2018-12-21,1.5276504735716466e-05,0.00012698415016164,1.228042801988723,1.3789018678954812,14401.2,-3284.09,-5456.641579936404,14400.980000000001,14399.371275856693,-19856.012855793095,0.9998730158498383,0.3789018678954812,False,False,500236-KANEL INDUSTRIES LIMITED
2018-12-24,1.5406540076262373e-05,0.00012691290263096001,1.2384960415696464,1.2828603922013224,14279.65,-3405.6400000000012,-4039.147399497613,14279.43,14277.837728169945,-18316.985127667558,0.999873087097369,0.2828603922013224,False,False,500236-KANEL INDUSTRIES LIMITED
2018-12-26,1.5347695055251703e-05,0.0001268940578701,1.2430684228150464,1.2828603922013224,14334.4,-3484.24,-4054.6340059706363,14334.18,14332.581049816867,-18387.215055787503,0.9998731059421299,0.2828603922013224,False,False,500236-KANEL INDUSTRIES LIMITED
2018-12-27,1.52882672277924e-05,0.00012536190127309998,1.238255136162867,1.2177969694300843,14390.12,-3428.5199999999986,-3134.124525735244,14389.900000000001,14388.316027197252,-17522.440552932494,0.9998746380987269,0.2177969694300843,False,False,500236-KANEL INDUSTRIES LIMITED
2018-12-28,1.5155648510199753e-05,0.00012586969670118,1.241883461329674,1.3789018678954812,14516.04,-3511.1900000000023,-5500.154670445521,14515.820000000002,14514.212870447898,-20014.36754089342,0.9998741303032989,0.3789018678954812,False,False,500236-KANEL INDUSTRIES LIMITED
2019-01-02,1.5243479947895017e-05,0.00012557759886298,1.249080541004961,1.1604888046141064,14432.4,-3594.83,-2316.2386237126284,14432.18,14430.58761386217,-16746.826237574798,0.999874422401137,0.16048880461410642,False,False,500236-KANEL INDUSTRIES LIMITED
2019-01-03,1.5394465689584593e-05,0.00012730154651637997,1.2614526077875003,1.1604888046141064,14290.85,-3736.379999999999,-2293.5214334195025,14290.630000000001,14289.030752693967,-16582.55218611347,0.9998726984534836,0.16048880461410642,False,False,500236-KANEL INDUSTRIES LIMITED
2019-01-04,1.5325649145734385e-05,0.00012691290263096001,1.2558136456793512,1.3789018678954812,14355.02,-3672.209999999999,-5439.143891676991,14354.800000000001,14353.198162744475,-19792.342054421468,0.999873087097369,0.3789018678954812,False,False,500236-KANEL INDUSTRIES LIMITED
2019-01-07,1.5289085330470106e-05,0.00012654506700266,1.2623829429404383,1.1994385760974657,14389.35,-3775.519999999995,-2869.7914749680695,14389.130000000001,14387.529098740126,-17257.320573708195,0.9998734549329973,0.19943857609746574,False,False,500236-KANEL INDUSTRIES LIMITED
2019-01-08,1.5250697199486743e-05,0.0001256645869649,1.25921332744564,1.3613298695434395,14425.57,-3739.300000000003,-5212.389326189754,14425.35,14423.757216704216,-19636.14654289397,0.999874335413035,0.3613298695434395,False,False,500236-KANEL INDUSTRIES LIMITED
2019-01-09,1.5203691456285588e-05,0.0001256645869649,1.2635863987776232,1.375205036065904,14470.17,-3814.1400000000012,-5429.280656729761,14469.95,14468.351612063638,-19897.6322687934,0.999874335413035,0.37520503606590405,False,False,500236-KANEL INDUSTRIES LIMITED
2019-01-10,1.5214542336192975e-05,0.0001256645869649,1.2655802100298412,1.1994385760974657,14459.85,-3840.249999999998,-2883.85189458294,14459.630000000001,14458.032908922176,-17341.884803505116,0.999874335413035,0.19943857609746574,False,False,500236-KANEL INDUSTRIES LIMITED
2019-01-11,1.5253435836422156e-05,0.0001268940578701,1.2688154597732229,1.319066066415966,14422.98,-3877.119999999999,-4601.883494596146,14422.76,14421.14980954122,-19023.033304137367,0.9998731059421299,0.3190660664159659,False,False,500236-KANEL INDUSTRIES LIMITED
2019-01-14,1.5330615168807493e-05,0.00012691290263096001,1.2752354120486091,1.3752050360659043,14350.37,-3949.7299999999977,-5384.331093409071,14350.150000000001,14348.548752889472,-19732.879846298543,0.999873087097369,0.3752050360659043,False,False,500236-KANEL INDUSTRIES LIMITED
2019-01-15,1.5157329636782154e-05,0.00012718326939122,1.260821127663987,1.275576360520101,14514.43,-3785.670000000002,-3999.8337944237683,14514.210000000001,14512.58400733925,-18512.41780176302,0.9998728167306088,0.2755763605201009,False,False,500236-KANEL INDUSTRIES LIMITED
2019-01-16,1.51513794986684e-05,0.00012536190127309998,1.2603261816526437,1.1994385760974657,14520.13,-3779.9699999999993,-2895.8740519500952,14519.91,14518.309728896467,-17414.183780846564,0.9998746380987269,0.19943857609746574,False,False,500236-KANEL INDUSTRIES LIMITED
2019-01-17,1.5146518469458078e-05,0.00012586969670118,1.2599218301951352,1.319066066415966,14524.79,-3775.3099999999977,-4634.367610817957,14524.570000000002,14522.961769088053,-19157.329379906012,0.9998741303032989,0.3190660664159659,False,False,500236-KANEL INDUSTRIES LIMITED
2019-01-22,1.5203292203820864e-05,0.00024642062654444,1.2646443984506464,1.1994385760974657,14470.55,-3829.5499999999993,-2885.985887347182,14470.33,14466.984158002557,-17352.97004534974,0.9997535793734555,0.19943857609746574,False,False,500236-KANEL INDUSTRIES LIMITED
2019-01-23,1.5299196653092106e-05,0.00015823946514699998,1.2726219485056856,1.1994385760974657,14379.84,-3920.2599999999984,-2867.8948141093824,14379.62,14377.564541809501,-17245.459355918883,0.999841760534853,0.19943857609746574,False,False,500236-KANEL INDUSTRIES LIMITED
2019-01-24,1.5295346182351118e-05,0.00014582226005189998,1.2723016575983803,1.3014284955904718,14383.46,-3916.6399999999994,-4335.584709185729,14383.24,14381.362571355434,-18716.947280541164,0.9998541777399481,0.3014284955904718,False,False,500236-KANEL INDUSTRIES LIMITED
2019-01-25,1.5426872068456044e-05,0.00013317128050936,1.2832422797270564,1.3489517359288559,14260.83,-4039.2699999999986,-4976.3413842863065,14260.61,14258.930867007773,-19235.27225129408,0.9998668287194906,0.34895173592885587,False,False,500236-KANEL INDUSTRIES LIMITED
2019-01-28,1.562954011499079e-05,0.00014297675183248,1.300100668447013,1.3560444596090844,14075.91,-4224.189999999995,-5011.649769456108,14075.69,14073.897472109113,-19085.54724156522,0.9998570232481675,0.3560444596090844,False,False,500236-KANEL INDUSTRIES LIMITED
2019-01-29,0.0450819672131147,0.8122012573280519,3903.557377049181,4403.751416908245,4.88,-19044.480000000003,-21485.426914512234,4.66,0.9164578642391064,-21486.343372376472,0.18779874267194807,4402.751416908245,False,False,500236-KANEL INDUSTRIES LIMITED
2019-01-30,1.5621460762795927e-05,0.00014276347845970002,1.352631044528974,1.1994385760974657,14083.19,-4966.17,-2808.73136051007,14082.970000000001,14081.179434807791,-16889.91079531786,0.9998572365215403,0.19943857609746574,False,False,500236-KANEL INDUSTRIES LIMITED
2019-02-07,0.0488888888888888,0.8928791336764539,4233.191111111111,3346.648927042376,4.5,-19044.86,-15055.420171690692,4.28,0.48204389845595763,-15055.902215589147,0.10712086632354612,3345.648927042376,False,False,500236-KANEL INDUSTRIES LIMITED
2019-02-11,0.0488888888888888,0.8928791336764539,4233.191111111111,4325.616018082133,4.5,-19044.86,-19460.7720813696,4.28,0.48204389845595763,-19461.254125268057,0.10712086632354612,4324.616018082133,False,False,500236-KANEL INDUSTRIES LIMITED
2019-02-13,0.0514018691588785,0.8494215077061739,4450.785046728972,3346.648927042376,4.28,-19045.08,-14319.37740774137,4.0600000000000005,0.6444759470175758,-14320.021883688387,0.15057849229382614,3345.648927042376,False,False,500236-KANEL INDUSTRIES LIMITED
2019-02-19,0.0887096774193548,0.9954314442374145,7969.673387096775,4325.616018082133,2.48,-19762.31,-10725.047724843691,2.2600000000000002,0.011330018291212163,-10725.059054861982,0.004568555762585524,4324.616018082133,True,False,500236-KANEL INDUSTRIES LIMITED
2019-02-20,0.0905349794238683,0.9954314442374145,8133.658436213992,3346.648927042376,2.43,-19762.36,-8129.926892712973,2.21,0.011101590503082903,-8129.937994303476,0.004568555762585524,3345.648927042376,True,False,500236-KANEL INDUSTRIES LIMITED
2019-02-21,1.5596343933412116e-05,0.00013734422647164002,1.4104085745863246,1.1994385760974657,14105.87,-5789.17,-2813.2546274159595,14105.650000000001,14103.93264019614,-16917.1872676121,0.9998626557735284,0.19943857609746574,False,False,500236-KANEL INDUSTRIES LIMITED
2019-02-25,0.1004566210045662,0.9954314442374145,9084.493150684932,4325.616018082133,2.19,-19892.850000000002,-9470.90907959987,1.97,0.010005137120062457,-9470.919084736992,0.004568555762585524,4324.616018082133,True,False,500236-KANEL INDUSTRIES LIMITED
2019-02-27,0.1105527638190954,0.9954314442374145,9997.507537688443,3865.704279997939,1.99,-19893.05,-7690.761517195899,1.7700000000000002,0.009091425967545197,-7690.770608621866,0.004568555762585524,3864.704279997939,True,False,500236-KANEL INDUSTRIES LIMITED
2019-03-01,0.1105527638190954,0.9954314442374145,9997.507537688443,4325.616018082133,1.99,-19893.05,-8605.985875983446,1.7700000000000002,0.009091425967545197,-8605.994967409413,0.004568555762585524,4324.616018082133,True,False,500236-KANEL INDUSTRIES LIMITED
2019-03-11,0.1164021164021164,0.9954314442374145,10526.47619047619,3865.70427999794,1.89,-19893.15,-7304.2910891961055,1.67,0.008634570391286678,-7304.299723766497,0.004568555762585524,3864.70427999794,True,False,500236-KANEL INDUSTRIES LIMITED
2019-03-14,0.1349693251533742,0.9954314442374145,12205.54601226994,4325.616018082133,1.63,-19893.41,-7049.124109473877,1.41,0.007446745893014306,-7049.13155621977,0.004568555762585524,4324.616018082133,True,False,500236-KANEL INDUSTRIES LIMITED
2019-03-15,0.1286549707602339,0.9954314442374145,11666.479532163745,4325.616018082133,1.71,-19947.970000000005,-7395.093390920448,1.49,0.007812230354021343,-7395.101203150802,0.004568555762585524,4324.616018082133,True,False,500236-KANEL INDUSTRIES LIMITED
2019-03-18,1.4599034207527926e-05,0.00013734422647164002,1.3238457306783442,1.3560444596090844,15069.49,-4880.1900000000005,-5365.4084236345025,15069.27,15067.420292552628,-20432.82871618713,0.9998626557735284,0.3560444596090844,False,False,500236-KANEL INDUSTRIES LIMITED
2019-03-19,0.1235955056179775,0.9954314442374145,11207.685393258427,3865.70427999794,1.78,-19947.9,-6879.173618396333,1.56,0.008132029257402307,-6879.1817504255905,0.004568555762585524,3864.70427999794,True,False,500236-KANEL INDUSTRIES LIMITED
2019-03-20,0.1195652173913043,0.9954314442374145,10842.217391304348,4325.616018082133,1.84,-19947.84,-7957.293473271126,1.62,0.008406142603157418,-7957.301879413729,0.004568555762585524,4324.616018082133,True,False,500236-KANEL INDUSTRIES LIMITED
2019-03-22,1.461662907313962e-05,0.00013734422647164002,1.331890494872553,1.3560444596090842,15051.35,-4995.4,-5358.949777137188,15051.130000000001,15049.282783976896,-20408.232561114084,0.9998626557735284,0.35604445960908415,False,False,500236-KANEL INDUSTRIES LIMITED
2019-03-28,0.0995475113122172,0.9954314442374145,9070.927601809955,3859.896907239672,2.21,-20044.54,-8528.162164999676,1.99,0.010096508235314161,-8528.17226150791,0.004568555762585524,3858.896907239672,True,False,500236-KANEL INDUSTRIES LIMITED
2019-04-01,0.11,0.9954314442374145,10023.375,4410.013720012375,2.0,-20044.75,-8818.02744002475,1.78,0.009137111525171049,-8818.036577136276,0.004568555762585524,4409.013720012375,True,False,500236-KANEL INDUSTRIES LIMITED
2019-04-02,1.4285974030696664e-05,0.00013734422647164002,1.3017606813630378,1.1994385760974657,15399.72,-4647.030000000001,-3071.2982290996642,15399.5,15397.60493736872,-18468.903166468386,0.9998626557735284,0.19943857609746574,False,False,500236-KANEL INDUSTRIES LIMITED
2019-04-03,1.4367131138601671e-05,0.00013734422647164002,1.3091558461489232,1.3560444596090842,15312.73,-4734.02,-5452.012677989813,15312.51,15310.62688494298,-20762.639562932793,0.9998626557735284,0.35604445960908415,False,False,500236-KANEL INDUSTRIES LIMITED
2019-04-04,0.11,0.9954314442374145,10023.375,4325.616018082133,2.0,-20044.75,-8649.232036164267,1.78,0.009137111525171049,-8649.241173275792,0.004568555762585524,4324.616018082133,True,False,500236-KANEL INDUSTRIES LIMITED
2019-04-09,0.1105527638190954,0.9954314442374145,10073.743718592965,4410.013720012375,1.99,-20044.76,-8773.937302824626,1.7700000000000002,0.009091425967545197,-8773.946394250594,0.004568555762585524,4409.013720012375,True,False,500236-KANEL INDUSTRIES LIMITED
2019-04-10,1.443051608117034e-05,0.00013734422647164002,1.3149315829554615,1.275576360520101,15245.47,-4801.280000000001,-4201.291137018385,15245.25,15243.376122715652,-19444.667259734037,0.9998626557735284,0.2755763605201009,False,False,500236-KANEL INDUSTRIES LIMITED
2019-04-11,1.441547225742364e-05,0.00013734422647164002,1.3135607658023063,1.1994385760974657,15261.38,-4785.370000000001,-3043.707896482343,15261.16,15259.28393756901,-18302.991834051354,0.9998626557735284,0.19943857609746574,False,False,500236-KANEL INDUSTRIES LIMITED
2019-04-12,1.4356068342715894e-05,0.00013734422647164002,1.3081477865879083,1.2758177020404184,15324.53,-4722.219999999999,-4226.776649449455,15324.310000000001,15322.42526428111,-19549.201913730565,0.9998626557735284,0.27581770204041844,False,False,500236-KANEL INDUSTRIES LIMITED
2019-04-16,0.1157894736842105,0.9954314442374145,10550.92105263158,3346.648927042376,1.9,-20044.85,-6356.732961380514,1.68,0.00868025594891253,-6356.741641636463,0.004568555762585524,3345.648927042376,True,False,500236-KANEL INDUSTRIES LIMITED
2019-04-18,1.4265455486267228e-05,0.00013734422647164002,1.2998909989514889,1.291662358721212,15421.87,-4624.879999999999,-4497.978980091897,15421.650000000001,15419.751895194104,-19917.730875286,0.9998626557735284,0.29166235872121193,False,False,500236-KANEL INDUSTRIES LIMITED
2019-04-22,1.4466707831026222e-05,0.00013734422647164002,1.3182294327801132,1.1994385760974657,15207.33,-4839.42,-3032.928241444273,15207.11,15205.241361024451,-18238.169602468726,0.9998626557735284,0.19943857609746574,False,False,500236-KANEL INDUSTRIES LIMITED
2019-04-24,0.1189189189189189,0.9954314442374145,10836.08108108108,4410.0137200123745,1.85,-20044.9,-8156.675382022893,1.6300000000000001,0.00845182816078327,-8156.683833851054,0.004568555762585524,4409.0137200123745,True,False,500236-KANEL INDUSTRIES LIMITED
